,w0,w1,w2,w3,a0,a1,a2,a3,direction
0,300.0,449.0,300.0,451.0,0,1,0,0,right
1,300.0,447.0,300.0,453.0,0,1,0,0,right
2,300.0,445.0,300.0,455.0,0,1,0,0,right
3,300.0,443.0,300.0,457.0,0,1,0,0,right
4,300.0,441.0,300.0,459.0,0,1,0,0,right
5,300.0,438.0,300.0,462.0,0,1,0,0,right
6,300.0,437.0,300.0,463.0,0,1,0,0,right
7,300.0,436.0,300.0,464.0,0,1,0,0,right
8,300.0,434.0,300.0,466.0,0,1,0,0,right
9,300.0,433.0,300.0,467.0,0,1,0,0,right
10,300.0,432.0,300.0,468.0,0,1,0,0,right
11,300.0,426.0,300.0,474.0,0,1,0,0,right
12,300.0,425.0,300.0,475.0,0,1,0,0,right
13,300.0,420.0,300.0,480.0,0,1,0,0,right
14,300.0,419.0,300.0,481.0,0,1,0,0,right
15,300.0,418.0,300.0,482.0,0,1,0,0,right
16,300.0,416.0,300.0,484.0,0,1,0,0,right
17,300.0,415.0,300.0,485.0,0,1,0,0,right
18,300.0,414.0,300.0,486.0,0,1,0,0,right
19,300.0,413.0,300.0,487.0,0,1,0,0,right
20,300.0,409.0,300.0,491.0,0,1,0,0,right
21,300.0,408.0,300.0,492.0,0,1,0,0,right
22,300.0,407.0,300.0,493.0,0,1,0,0,right
23,300.0,404.0,300.0,496.0,0,1,0,0,right
24,300.0,403.0,300.0,497.0,0,1,0,0,right
25,300.0,402.0,300.0,498.0,0,1,0,0,right
26,300.0,399.0,300.0,501.0,0,1,0,0,right
27,300.0,395.0,300.0,505.0,0,1,0,0,right
28,300.0,393.0,300.0,507.0,0,1,0,0,right
29,300.0,392.0,300.0,508.0,0,1,0,0,right
30,300.0,391.0,300.0,509.0,0,1,0,0,right
31,300.0,390.0,300.0,510.0,0,1,0,0,right
32,300.0,389.0,300.0,511.0,0,1,0,0,right
33,300.0,387.0,300.0,513.0,0,1,0,0,right
34,300.0,386.0,300.0,514.0,0,1,0,0,right
35,300.0,385.0,300.0,515.0,0,1,0,0,right
36,300.0,381.0,300.0,519.0,0,1,0,0,right
37,300.0,380.0,300.0,520.0,0,1,0,0,right
38,300.0,377.0,300.0,523.0,0,1,0,0,right
39,300.0,374.0,300.0,526.0,0,1,0,0,right
40,300.0,373.0,300.0,527.0,0,1,0,0,right
41,300.0,372.0,300.0,528.0,0,1,0,0,right
42,300.0,370.0,300.0,530.0,0,1,0,0,right
43,300.0,369.0,300.0,531.0,0,1,0,0,right
44,300.0,364.0,300.0,536.0,0,1,0,0,right
45,300.0,363.0,300.0,537.0,0,1,0,0,right
46,300.0,362.0,300.0,538.0,0,1,0,0,right
47,300.0,360.0,300.0,540.0,0,1,0,0,right
48,300.0,357.0,300.0,543.0,0,1,0,0,right
49,300.0,356.0,300.0,544.0,0,1,0,0,right
50,300.0,355.0,300.0,545.0,0,1,0,0,right
51,300.0,352.0,300.0,548.0,0,1,0,0,right
52,300.0,343.0,300.0,557.0,0,1,0,0,right
53,300.0,341.0,300.0,559.0,0,1,0,0,right
54,300.0,340.0,300.0,560.0,0,1,0,0,right
55,300.0,339.0,300.0,561.0,0,1,0,0,right
56,300.0,336.0,300.0,564.0,0,1,0,0,right
57,300.0,333.0,300.0,567.0,0,1,0,0,right
58,300.0,332.0,300.0,568.0,0,1,0,0,right
59,300.0,331.0,300.0,569.0,0,1,0,0,right
60,300.0,330.0,300.0,570.0,0,1,0,0,right
61,300.0,329.0,300.0,571.0,0,1,0,0,right
62,300.0,325.0,300.0,575.0,0,1,0,0,right
63,300.0,324.0,300.0,576.0,0,1,0,0,right
64,300.0,322.0,300.0,578.0,0,1,0,0,right
65,300.0,321.0,300.0,579.0,0,1,0,0,right
66,300.0,320.0,300.0,580.0,0,1,0,0,right
67,300.0,318.0,300.0,582.0,0,1,0,0,right
68,300.0,317.0,300.0,583.0,0,1,0,0,right
69,300.0,313.0,300.0,587.0,0,1,0,0,right
70,300.0,312.0,300.0,588.0,0,1,0,0,right
71,300.0,311.0,300.0,589.0,0,1,0,0,right
72,300.0,310.0,300.0,590.0,0,1,0,0,right
73,300.0,308.0,300.0,592.0,0,1,0,0,right
74,300.0,306.0,300.0,594.0,0,1,0,0,right
75,300.0,305.0,300.0,595.0,0,1,0,0,right
76,300.0,303.0,300.0,597.0,0,1,0,0,right
77,300.0,301.0,300.0,599.0,0,1,0,0,right
78,300.0,299.0,300.0,601.0,0,1,0,0,right
79,300.0,298.0,300.0,602.0,0,1,0,0,right
80,300.0,297.0,300.0,603.0,0,1,0,0,right
81,300.0,290.0,300.0,610.0,0,1,0,0,right
82,300.0,288.0,300.0,612.0,0,1,0,0,right
83,300.0,287.0,300.0,613.0,0,1,0,0,right
84,300.0,286.0,300.0,614.0,0,1,0,0,right
85,300.0,285.0,300.0,615.0,0,1,0,0,right
86,300.0,283.0,300.0,617.0,0,1,0,0,right
87,300.0,282.0,300.0,618.0,0,1,0,0,right
88,300.0,280.0,300.0,620.0,0,1,0,0,right
89,300.0,277.0,300.0,623.0,0,1,0,0,right
90,300.0,276.0,300.0,624.0,0,1,0,0,right
91,300.0,275.0,300.0,625.0,0,1,0,0,right
92,300.0,271.0,300.0,629.0,0,1,0,0,right
93,300.0,266.0,300.0,634.0,0,1,0,0,right
94,300.0,264.0,300.0,636.0,0,1,0,0,right
95,300.0,262.0,300.0,638.0,0,1,0,0,right
96,300.0,261.0,300.0,639.0,0,1,0,0,right
97,300.0,260.0,300.0,640.0,0,1,0,0,right
98,300.0,258.0,300.0,642.0,0,1,0,0,right
99,300.0,254.0,300.0,646.0,0,1,0,0,right
100,300.0,253.0,300.0,647.0,0,1,0,0,right
101,300.0,250.0,300.0,650.0,0,1,0,0,right
102,300.0,247.0,300.0,653.0,0,1,0,0,right
103,300.0,246.0,300.0,654.0,0,1,0,0,right
104,300.0,242.0,300.0,658.0,0,1,0,0,right
105,300.0,241.0,300.0,659.0,0,1,0,0,right
106,300.0,240.0,300.0,660.0,0,1,0,0,right
107,300.0,237.0,300.0,663.0,0,1,0,0,right
108,300.0,236.0,300.0,664.0,0,1,0,0,right
109,300.0,235.0,300.0,665.0,0,1,0,0,right
110,300.0,232.0,300.0,668.0,0,1,0,0,right
111,300.0,226.0,300.0,674.0,0,1,0,0,right
112,300.0,224.0,300.0,676.0,0,1,0,0,right
113,300.0,221.0,300.0,679.0,0,1,0,0,right
114,300.0,218.0,300.0,682.0,0,1,0,0,right
115,300.0,217.0,300.0,683.0,0,1,0,0,right
116,300.0,213.0,300.0,687.0,0,1,0,0,right
117,300.0,211.0,300.0,689.0,0,1,0,0,right
118,300.0,205.0,300.0,695.0,0,1,0,0,right
119,300.0,204.0,300.0,696.0,0,1,0,0,right
120,300.0,203.0,300.0,697.0,0,1,0,0,right
121,300.0,202.0,300.0,698.0,0,1,0,0,right
122,300.0,200.0,300.0,700.0,0,1,0,0,right
123,300.0,196.0,300.0,704.0,0,1,0,0,right
124,300.0,195.0,300.0,705.0,0,1,0,0,right
125,300.0,194.0,300.0,706.0,0,1,0,0,right
126,300.0,186.0,300.0,714.0,0,1,0,0,right
127,300.0,185.0,300.0,715.0,0,1,0,0,right
128,300.0,184.0,300.0,716.0,0,1,0,0,right
129,300.0,183.0,300.0,717.0,0,1,0,0,right
130,300.0,181.0,300.0,719.0,0,1,0,0,right
131,300.0,180.0,300.0,720.0,0,1,0,0,right
132,300.0,179.0,300.0,721.0,0,1,0,0,right
133,300.0,177.0,300.0,723.0,0,1,0,0,right
134,300.0,176.0,300.0,724.0,0,1,0,0,right
135,300.0,175.0,300.0,725.0,0,1,0,0,right
136,300.0,174.0,300.0,726.0,0,1,0,0,right
137,300.0,173.0,300.0,727.0,0,1,0,0,right
138,300.0,171.0,300.0,729.0,0,1,0,0,right
139,300.0,170.0,300.0,730.0,0,1,0,0,right
140,300.0,169.0,300.0,731.0,0,1,0,0,right
141,300.0,167.0,300.0,733.0,0,1,0,0,right
142,300.0,164.0,300.0,736.0,0,1,0,0,right
143,300.0,162.0,300.0,738.0,0,1,0,0,right
144,300.0,161.0,300.0,739.0,0,1,0,0,right
145,300.0,160.0,300.0,740.0,0,1,0,0,right
146,300.0,158.0,300.0,742.0,0,1,0,0,right
147,300.0,157.0,300.0,743.0,0,1,0,0,right
148,300.0,156.0,300.0,744.0,0,1,0,0,right
149,300.0,154.0,300.0,746.0,0,1,0,0,right
150,300.0,152.0,300.0,748.0,0,1,0,0,right
151,300.0,150.0,300.0,750.0,0,1,0,0,right
152,300.0,148.0,300.0,752.0,0,1,0,0,right
153,300.0,144.0,300.0,756.0,0,1,0,0,right
154,300.0,142.0,300.0,758.0,0,1,0,0,right
155,300.0,137.0,300.0,763.0,0,1,0,0,right
156,300.0,135.0,300.0,765.0,0,1,0,0,right
157,300.0,133.0,300.0,767.0,0,1,0,0,right
158,300.0,131.0,300.0,769.0,0,1,0,0,right
159,300.0,130.0,300.0,770.0,0,1,0,0,right
160,300.0,128.0,300.0,772.0,0,1,0,0,right
161,300.0,127.0,300.0,773.0,0,1,0,0,right
162,300.0,126.0,300.0,774.0,0,1,0,0,right
163,300.0,125.0,300.0,775.0,0,1,0,0,right
164,300.0,119.0,300.0,781.0,0,1,0,0,right
165,300.0,118.0,300.0,782.0,0,1,0,0,right
166,300.0,115.0,300.0,785.0,0,1,0,0,right
167,300.0,113.0,300.0,787.0,0,1,0,0,right
168,300.0,112.0,300.0,788.0,0,1,0,0,right
169,300.0,111.0,300.0,789.0,0,1,0,0,right
170,300.0,109.0,300.0,791.0,0,1,0,0,right
171,300.0,107.0,300.0,793.0,0,1,0,0,right
172,300.0,105.0,300.0,795.0,0,1,0,0,right
173,300.0,104.0,300.0,796.0,0,1,0,0,right
174,300.0,102.0,300.0,798.0,0,1,0,0,right
175,296.0,102.0,304.0,798.0,1,0,0,0,up
176,292.0,102.0,308.0,798.0,1,0,0,0,up
177,289.0,102.0,311.0,798.0,1,0,0,0,up
178,287.0,102.0,313.0,798.0,1,0,0,0,up
179,286.0,102.0,314.0,798.0,1,0,0,0,up
180,285.0,102.0,315.0,798.0,1,0,0,0,up
181,284.0,102.0,316.0,798.0,1,0,0,0,up
182,283.0,102.0,317.0,798.0,1,0,0,0,up
183,280.0,102.0,320.0,798.0,1,0,0,0,up
184,279.0,102.0,321.0,798.0,1,0,0,0,up
185,276.0,102.0,324.0,798.0,1,0,0,0,up
186,275.0,102.0,325.0,798.0,1,0,0,0,up
187,272.0,102.0,328.0,798.0,1,0,0,0,up
188,271.0,102.0,329.0,798.0,1,0,0,0,up
189,267.0,102.0,333.0,798.0,1,0,0,0,up
190,266.0,102.0,334.0,798.0,1,0,0,0,up
191,264.0,102.0,336.0,798.0,1,0,0,0,up
192,261.0,102.0,339.0,798.0,1,0,0,0,up
193,257.0,102.0,343.0,798.0,1,0,0,0,up
194,255.0,102.0,345.0,798.0,1,0,0,0,up
195,254.0,102.0,346.0,798.0,1,0,0,0,up
196,252.0,102.0,348.0,798.0,1,0,0,0,up
197,250.0,102.0,350.0,798.0,1,0,0,0,up
198,249.0,102.0,351.0,798.0,1,0,0,0,up
199,248.0,102.0,352.0,798.0,1,0,0,0,up
200,247.0,102.0,353.0,798.0,1,0,0,0,up
201,246.0,102.0,354.0,798.0,1,0,0,0,up
202,245.0,102.0,355.0,798.0,1,0,0,0,up
203,241.0,102.0,359.0,798.0,1,0,0,0,up
204,239.0,102.0,361.0,798.0,1,0,0,0,up
205,238.0,102.0,362.0,798.0,1,0,0,0,up
206,235.0,102.0,365.0,798.0,1,0,0,0,up
207,234.0,102.0,366.0,798.0,1,0,0,0,up
208,232.0,102.0,368.0,798.0,1,0,0,0,up
209,230.0,102.0,370.0,798.0,1,0,0,0,up
210,229.0,102.0,371.0,798.0,1,0,0,0,up
211,228.0,102.0,372.0,798.0,1,0,0,0,up
212,226.0,102.0,374.0,798.0,1,0,0,0,up
213,225.0,102.0,375.0,798.0,1,0,0,0,up
214,223.0,102.0,377.0,798.0,1,0,0,0,up
215,222.0,102.0,378.0,798.0,1,0,0,0,up
216,216.0,102.0,384.0,798.0,1,0,0,0,up
217,215.0,102.0,385.0,798.0,1,0,0,0,up
218,213.0,102.0,387.0,798.0,1,0,0,0,up
219,211.0,102.0,389.0,798.0,1,0,0,0,up
220,210.0,102.0,390.0,798.0,1,0,0,0,up
221,209.0,102.0,391.0,798.0,1,0,0,0,up
222,206.0,102.0,394.0,798.0,1,0,0,0,up
223,205.0,102.0,395.0,798.0,1,0,0,0,up
224,196.0,102.0,404.0,798.0,1,0,0,0,up
225,193.0,102.0,407.0,798.0,1,0,0,0,up
226,192.0,102.0,408.0,798.0,1,0,0,0,up
227,191.0,102.0,409.0,798.0,1,0,0,0,up
228,190.0,102.0,410.0,798.0,1,0,0,0,up
229,188.0,102.0,412.0,798.0,1,0,0,0,up
230,187.0,102.0,413.0,798.0,1,0,0,0,up
231,186.0,102.0,414.0,798.0,1,0,0,0,up
232,182.0,102.0,418.0,798.0,1,0,0,0,up
233,180.0,102.0,420.0,798.0,1,0,0,0,up
234,177.0,102.0,423.0,798.0,1,0,0,0,up
235,176.0,102.0,424.0,798.0,1,0,0,0,up
236,175.0,102.0,425.0,798.0,1,0,0,0,up
237,174.0,102.0,426.0,798.0,1,0,0,0,up
238,169.0,102.0,431.0,798.0,1,0,0,0,up
239,168.0,102.0,432.0,798.0,1,0,0,0,up
240,166.0,102.0,434.0,798.0,1,0,0,0,up
241,165.0,102.0,435.0,798.0,1,0,0,0,up
242,164.0,102.0,436.0,798.0,1,0,0,0,up
243,162.0,102.0,438.0,798.0,1,0,0,0,up
244,160.0,102.0,440.0,798.0,1,0,0,0,up
245,158.0,104.0,442.0,796.0,0,0,0,1,left
246,158.0,108.0,442.0,792.0,0,0,0,1,left
247,158.0,112.0,442.0,788.0,0,0,0,1,left
248,158.0,118.0,442.0,782.0,0,0,0,1,left
249,158.0,120.0,442.0,780.0,0,0,0,1,left
250,158.0,130.0,442.0,770.0,0,0,0,1,left
251,158.0,134.0,442.0,766.0,0,0,0,1,left
252,158.0,136.0,442.0,764.0,0,0,0,1,left
253,158.0,138.0,442.0,762.0,0,0,0,1,left
254,158.0,140.0,442.0,760.0,0,0,0,1,left
255,158.0,144.0,442.0,756.0,0,0,0,1,left
256,158.0,152.0,442.0,748.0,0,0,0,1,left
257,158.0,154.0,442.0,746.0,0,0,0,1,left
258,158.0,156.0,442.0,744.0,0,0,0,1,left
259,158.0,160.0,442.0,740.0,0,0,0,1,left
260,158.0,162.0,442.0,738.0,0,0,0,1,left
261,158.0,164.0,442.0,736.0,0,0,0,1,left
262,158.0,166.0,442.0,734.0,0,0,0,1,left
263,158.0,168.0,442.0,732.0,0,0,0,1,left
264,158.0,170.0,442.0,730.0,0,0,0,1,left
265,158.0,172.0,442.0,728.0,0,0,0,1,left
266,158.0,174.0,442.0,726.0,0,0,0,1,left
267,158.0,178.0,442.0,722.0,0,0,0,1,left
268,158.0,182.0,442.0,718.0,0,0,0,1,left
269,158.0,184.0,442.0,716.0,0,0,0,1,left
270,158.0,188.0,442.0,712.0,0,0,0,1,left
271,158.0,192.0,442.0,708.0,0,0,0,1,left
272,158.0,194.0,442.0,706.0,0,0,0,1,left
273,158.0,200.0,442.0,700.0,0,0,0,1,left
274,158.0,202.0,442.0,698.0,0,0,0,1,left
275,158.0,204.0,442.0,696.0,0,0,0,1,left
276,158.0,212.0,442.0,688.0,0,0,0,1,left
277,158.0,216.0,442.0,684.0,0,0,0,1,left
278,158.0,226.0,442.0,674.0,0,0,0,1,left
279,158.0,232.0,442.0,668.0,0,0,0,1,left
280,158.0,242.0,442.0,658.0,0,0,0,1,left
281,158.0,250.0,442.0,650.0,0,0,0,1,left
282,158.0,252.0,442.0,648.0,0,0,0,1,left
283,158.0,254.0,442.0,646.0,0,0,0,1,left
284,158.0,262.0,442.0,638.0,0,0,0,1,left
285,158.0,264.0,442.0,636.0,0,0,0,1,left
286,158.0,266.0,442.0,634.0,0,0,0,1,left
287,158.0,268.0,442.0,632.0,0,0,0,1,left
288,158.0,274.0,442.0,626.0,0,0,0,1,left
289,158.0,278.0,442.0,622.0,0,0,0,1,left
290,158.0,290.0,442.0,610.0,0,0,0,1,left
291,158.0,292.0,442.0,608.0,0,0,0,1,left
292,158.0,294.0,442.0,606.0,0,0,0,1,left
293,158.0,298.0,442.0,602.0,0,0,0,1,left
294,158.0,300.0,442.0,600.0,0,0,0,1,left
295,158.0,302.0,442.0,598.0,0,0,0,1,left
296,158.0,304.0,442.0,596.0,0,0,0,1,left
297,158.0,308.0,442.0,592.0,0,0,0,1,left
298,158.0,310.0,442.0,590.0,0,0,0,1,left
299,158.0,312.0,442.0,588.0,0,0,0,1,left
300,158.0,314.0,442.0,586.0,0,0,0,1,left
301,158.0,318.0,442.0,582.0,0,0,0,1,left
302,158.0,320.0,442.0,580.0,0,0,0,1,left
303,158.0,330.0,442.0,570.0,0,0,0,1,left
304,158.0,340.0,442.0,560.0,0,0,0,1,left
305,158.0,342.0,442.0,558.0,0,0,0,1,left
306,158.0,344.0,442.0,556.0,0,0,0,1,left
307,158.0,346.0,442.0,554.0,0,0,0,1,left
308,158.0,352.0,442.0,548.0,0,0,0,1,left
309,158.0,358.0,442.0,542.0,0,0,0,1,left
310,158.0,362.0,442.0,538.0,0,0,0,1,left
311,158.0,370.0,442.0,530.0,0,0,0,1,left
312,158.0,374.0,442.0,526.0,0,0,0,1,left
313,158.0,380.0,442.0,520.0,0,0,0,1,left
314,158.0,384.0,442.0,516.0,0,0,0,1,left
315,158.0,386.0,442.0,514.0,0,0,0,1,left
316,158.0,388.0,442.0,512.0,0,0,0,1,left
317,158.0,394.0,442.0,506.0,0,0,0,1,left
318,158.0,396.0,442.0,504.0,0,0,0,1,left
319,158.0,402.0,442.0,498.0,0,0,0,1,left
320,158.0,404.0,442.0,496.0,0,0,0,1,left
321,158.0,406.0,442.0,494.0,0,0,0,1,left
322,158.0,408.0,442.0,492.0,0,0,0,1,left
323,158.0,412.0,442.0,488.0,0,0,0,1,left
324,158.0,416.0,442.0,484.0,0,0,0,1,left
325,158.0,418.0,442.0,482.0,0,0,0,1,left
326,158.0,420.0,442.0,480.0,0,0,0,1,left
327,158.0,422.0,442.0,478.0,0,0,0,1,left
328,158.0,430.0,442.0,470.0,0,0,0,1,left
329,158.0,434.0,442.0,466.0,0,0,0,1,left
330,158.0,436.0,442.0,464.0,0,0,0,1,left
331,158.0,440.0,442.0,460.0,0,0,0,1,left
332,158.0,444.0,442.0,456.0,0,0,0,1,left
333,158.0,446.0,442.0,454.0,0,0,0,1,left
334,158.0,448.0,442.0,452.0,0,0,0,1,left
335,158.0,452.0,442.0,448.0,0,0,0,1,left
336,158.0,454.0,442.0,446.0,0,0,0,1,left
337,158.0,458.0,442.0,442.0,0,0,0,1,left
338,158.0,460.0,442.0,440.0,0,0,0,1,left
339,158.0,462.0,442.0,438.0,0,0,0,1,left
340,158.0,464.0,442.0,436.0,0,0,0,1,left
341,158.0,466.0,442.0,434.0,0,0,0,1,left
342,158.0,470.0,442.0,430.0,0,0,0,1,left
343,158.0,472.0,442.0,428.0,0,0,0,1,left
344,158.0,480.0,442.0,420.0,0,0,0,1,left
345,158.0,486.0,442.0,414.0,0,0,0,1,left
346,158.0,492.0,442.0,408.0,0,0,0,1,left
347,158.0,498.0,442.0,402.0,0,0,0,1,left
348,158.0,500.0,442.0,400.0,0,0,0,1,left
349,158.0,502.0,442.0,398.0,0,0,0,1,left
350,158.0,506.0,442.0,394.0,0,0,0,1,left
351,158.0,508.0,442.0,392.0,0,0,0,1,left
352,158.0,510.0,442.0,390.0,0,0,0,1,left
353,158.0,512.0,442.0,388.0,0,0,0,1,left
354,158.0,514.0,442.0,386.0,0,0,0,1,left
355,158.0,516.0,442.0,384.0,0,0,0,1,left
356,158.0,520.0,442.0,380.0,0,0,0,1,left
357,158.0,524.0,442.0,376.0,0,0,0,1,left
358,158.0,526.0,442.0,374.0,0,0,0,1,left
359,158.0,532.0,442.0,368.0,0,0,0,1,left
360,158.0,534.0,442.0,366.0,0,0,0,1,left
361,158.0,536.0,442.0,364.0,0,0,0,1,left
362,158.0,540.0,442.0,360.0,0,0,0,1,left
363,158.0,542.0,442.0,358.0,0,0,0,1,left
364,158.0,544.0,442.0,356.0,0,0,0,1,left
365,158.0,550.0,442.0,350.0,0,0,0,1,left
366,158.0,554.0,442.0,346.0,0,0,0,1,left
367,158.0,556.0,442.0,344.0,0,0,0,1,left
368,158.0,560.0,442.0,340.0,0,0,0,1,left
369,158.0,562.0,442.0,338.0,0,0,0,1,left
370,158.0,568.0,442.0,332.0,0,0,0,1,left
371,158.0,592.0,442.0,308.0,0,0,0,1,left
372,158.0,594.0,442.0,306.0,0,0,0,1,left
373,158.0,596.0,442.0,304.0,0,0,0,1,left
374,158.0,598.0,442.0,302.0,0,0,0,1,left
375,158.0,608.0,442.0,292.0,0,0,0,1,left
376,158.0,610.0,442.0,290.0,0,0,0,1,left
377,158.0,614.0,442.0,286.0,0,0,0,1,left
378,158.0,616.0,442.0,284.0,0,0,0,1,left
379,158.0,622.0,442.0,278.0,0,0,0,1,left
380,158.0,624.0,442.0,276.0,0,0,0,1,left
381,158.0,630.0,442.0,270.0,0,0,0,1,left
382,158.0,636.0,442.0,264.0,0,0,0,1,left
383,158.0,638.0,442.0,262.0,0,0,0,1,left
384,158.0,640.0,442.0,260.0,0,0,0,1,left
385,158.0,642.0,442.0,258.0,0,0,0,1,left
386,158.0,648.0,442.0,252.0,0,0,0,1,left
387,158.0,658.0,442.0,242.0,0,0,0,1,left
388,158.0,664.0,442.0,236.0,0,0,0,1,left
389,158.0,666.0,442.0,234.0,0,0,0,1,left
390,158.0,668.0,442.0,232.0,0,0,0,1,left
391,158.0,674.0,442.0,226.0,0,0,0,1,left
392,158.0,676.0,442.0,224.0,0,0,0,1,left
393,158.0,678.0,442.0,222.0,0,0,0,1,left
394,158.0,680.0,442.0,220.0,0,0,0,1,left
395,158.0,682.0,442.0,218.0,0,0,0,1,left
396,158.0,686.0,442.0,214.0,0,0,0,1,left
397,158.0,690.0,442.0,210.0,0,0,0,1,left
398,158.0,692.0,442.0,208.0,0,0,0,1,left
399,158.0,694.0,442.0,206.0,0,0,0,1,left
400,158.0,696.0,442.0,204.0,0,0,0,1,left
401,158.0,704.0,442.0,196.0,0,0,0,1,left
402,158.0,710.0,442.0,190.0,0,0,0,1,left
403,160.0,716.0,440.0,184.0,0,0,1,0,down
404,166.0,716.0,434.0,184.0,0,0,1,0,down
405,170.0,716.0,430.0,184.0,0,0,1,0,down
406,180.0,716.0,420.0,184.0,0,0,1,0,down
407,182.0,716.0,418.0,184.0,0,0,1,0,down
408,184.0,716.0,416.0,184.0,0,0,1,0,down
409,186.0,716.0,414.0,184.0,0,0,1,0,down
410,188.0,716.0,412.0,184.0,0,0,1,0,down
411,192.0,716.0,408.0,184.0,0,0,1,0,down
412,196.0,716.0,404.0,184.0,0,0,1,0,down
413,198.0,716.0,402.0,184.0,0,0,1,0,down
414,200.0,716.0,400.0,184.0,0,0,1,0,down
415,204.0,716.0,396.0,184.0,0,0,1,0,down
416,206.0,716.0,394.0,184.0,0,0,1,0,down
417,212.0,716.0,388.0,184.0,0,0,1,0,down
418,214.0,716.0,386.0,184.0,0,0,1,0,down
419,216.0,716.0,384.0,184.0,0,0,1,0,down
420,222.0,716.0,378.0,184.0,0,0,1,0,down
421,224.0,716.0,376.0,184.0,0,0,1,0,down
422,228.0,716.0,372.0,184.0,0,0,1,0,down
423,232.0,716.0,368.0,184.0,0,0,1,0,down
424,234.0,716.0,366.0,184.0,0,0,1,0,down
425,235.0,716.0,365.0,184.0,0,0,1,0,down
426,235.0,701.0,365.0,199.0,0,1,0,0,right
427,235.0,698.0,365.0,202.0,0,1,0,0,right
428,235.0,695.0,365.0,205.0,0,1,0,0,right
429,235.0,686.0,365.0,214.0,0,1,0,0,right
430,235.0,683.0,365.0,217.0,0,1,0,0,right
431,235.0,671.0,365.0,229.0,0,1,0,0,right
432,235.0,662.0,365.0,238.0,0,1,0,0,right
433,235.0,659.0,365.0,241.0,0,1,0,0,right
434,235.0,650.0,365.0,250.0,0,1,0,0,right
435,235.0,647.0,365.0,253.0,0,1,0,0,right
436,238.0,643.0,362.0,257.0,0,0,1,0,down
437,244.0,643.0,356.0,257.0,0,0,1,0,down
438,247.0,643.0,353.0,257.0,0,0,1,0,down
439,253.0,643.0,347.0,257.0,0,0,1,0,down
440,256.0,643.0,344.0,257.0,0,0,1,0,down
441,265.0,643.0,335.0,257.0,0,0,1,0,down
442,268.0,643.0,332.0,257.0,0,0,1,0,down
443,271.0,643.0,329.0,257.0,0,0,1,0,down
444,274.0,643.0,326.0,257.0,0,0,1,0,down
445,277.0,643.0,323.0,257.0,0,0,1,0,down
446,286.0,643.0,314.0,257.0,0,0,1,0,down
447,292.0,643.0,308.0,257.0,0,0,1,0,down
448,298.0,643.0,302.0,257.0,0,0,1,0,down
449,301.0,643.0,299.0,257.0,0,0,1,0,down
450,304.0,643.0,296.0,257.0,0,0,1,0,down
451,325.0,643.0,275.0,257.0,0,0,1,0,down
452,328.0,643.0,272.0,257.0,0,0,1,0,down
453,331.0,643.0,269.0,257.0,0,0,1,0,down
454,334.0,643.0,266.0,257.0,0,0,1,0,down
455,337.0,643.0,263.0,257.0,0,0,1,0,down
456,346.0,643.0,254.0,257.0,0,0,1,0,down
457,352.0,643.0,248.0,257.0,0,0,1,0,down
458,355.0,643.0,245.0,257.0,0,0,1,0,down
459,367.0,643.0,233.0,257.0,0,0,1,0,down
460,370.0,643.0,230.0,257.0,0,0,1,0,down
461,373.0,643.0,227.0,257.0,0,0,1,0,down
462,376.0,643.0,224.0,257.0,0,0,1,0,down
463,379.0,643.0,221.0,257.0,0,0,1,0,down
464,397.0,643.0,203.0,257.0,0,0,1,0,down
465,400.0,643.0,200.0,257.0,0,0,1,0,down
466,406.0,643.0,194.0,257.0,0,0,1,0,down
467,412.0,643.0,188.0,257.0,0,0,1,0,down
468,418.0,643.0,182.0,257.0,0,0,1,0,down
469,424.0,643.0,176.0,257.0,0,0,1,0,down
470,430.0,643.0,170.0,257.0,0,0,1,0,down
471,433.0,643.0,167.0,257.0,0,0,1,0,down
472,436.0,643.0,164.0,257.0,0,0,1,0,down
473,442.0,643.0,158.0,257.0,0,0,1,0,down
474,445.0,643.0,155.0,257.0,0,0,1,0,down
475,454.0,643.0,146.0,257.0,0,0,1,0,down
476,457.0,643.0,143.0,257.0,0,0,1,0,down
477,460.0,643.0,140.0,257.0,0,0,1,0,down
478,463.0,643.0,137.0,257.0,0,0,1,0,down
479,469.0,643.0,131.0,257.0,0,0,1,0,down
480,475.0,643.0,125.0,257.0,0,0,1,0,down
481,481.0,643.0,119.0,257.0,0,0,1,0,down
482,484.0,643.0,116.0,257.0,0,0,1,0,down
483,487.0,643.0,113.0,257.0,0,0,1,0,down
484,490.0,643.0,110.0,257.0,0,0,1,0,down
485,493.0,643.0,107.0,257.0,0,0,1,0,down
486,496.0,643.0,104.0,257.0,0,0,1,0,down
487,499.0,643.0,101.0,257.0,0,0,1,0,down
488,505.0,643.0,95.0,257.0,0,0,1,0,down
489,508.0,643.0,92.0,257.0,0,0,1,0,down
490,523.0,643.0,77.0,257.0,0,0,1,0,down
491,526.0,643.0,74.0,257.0,0,0,1,0,down
492,529.0,643.0,71.0,257.0,0,0,1,0,down
493,535.0,643.0,65.0,257.0,0,0,1,0,down
494,550.0,643.0,50.0,257.0,0,0,1,0,down
495,551.0,631.0,49.0,269.0,0,1,0,0,right
496,551.0,627.0,49.0,273.0,0,1,0,0,right
497,551.0,619.0,49.0,281.0,0,1,0,0,right
498,551.0,603.0,49.0,297.0,0,1,0,0,right
499,551.0,587.0,49.0,313.0,0,1,0,0,right
500,551.0,583.0,49.0,317.0,0,1,0,0,right
501,551.0,579.0,49.0,321.0,0,1,0,0,right
502,551.0,575.0,49.0,325.0,0,1,0,0,right
503,551.0,567.0,49.0,333.0,0,1,0,0,right
504,551.0,563.0,49.0,337.0,0,1,0,0,right
505,551.0,559.0,49.0,341.0,0,1,0,0,right
506,551.0,551.0,49.0,349.0,0,1,0,0,right
507,551.0,547.0,49.0,353.0,0,1,0,0,right
508,551.0,543.0,49.0,357.0,0,1,0,0,right
509,551.0,535.0,49.0,365.0,0,1,0,0,right
510,551.0,523.0,49.0,377.0,0,1,0,0,right
511,551.0,515.0,49.0,385.0,0,1,0,0,right
512,551.0,511.0,49.0,389.0,0,1,0,0,right
513,551.0,507.0,49.0,393.0,0,1,0,0,right
514,551.0,503.0,49.0,397.0,0,1,0,0,right
515,551.0,499.0,49.0,401.0,0,1,0,0,right
516,551.0,491.0,49.0,409.0,0,1,0,0,right
517,551.0,487.0,49.0,413.0,0,1,0,0,right
518,551.0,475.0,49.0,425.0,0,1,0,0,right
519,551.0,463.0,49.0,437.0,0,1,0,0,right
520,551.0,455.0,49.0,445.0,0,1,0,0,right
521,551.0,443.0,49.0,457.0,0,1,0,0,right
522,551.0,439.0,49.0,461.0,0,1,0,0,right
523,551.0,435.0,49.0,465.0,0,1,0,0,right
524,551.0,431.0,49.0,469.0,0,1,0,0,right
525,551.0,427.0,49.0,473.0,0,1,0,0,right
526,551.0,423.0,49.0,477.0,0,1,0,0,right
527,551.0,411.0,49.0,489.0,0,1,0,0,right
528,551.0,395.0,49.0,505.0,0,1,0,0,right
529,551.0,391.0,49.0,509.0,0,1,0,0,right
530,551.0,387.0,49.0,513.0,0,1,0,0,right
531,551.0,379.0,49.0,521.0,0,1,0,0,right
532,551.0,371.0,49.0,529.0,0,1,0,0,right
533,551.0,367.0,49.0,533.0,0,1,0,0,right
534,551.0,355.0,49.0,545.0,0,1,0,0,right
535,551.0,347.0,49.0,553.0,0,1,0,0,right
536,551.0,343.0,49.0,557.0,0,1,0,0,right
537,551.0,339.0,49.0,561.0,0,1,0,0,right
538,551.0,335.0,49.0,565.0,0,1,0,0,right
539,551.0,323.0,49.0,577.0,0,1,0,0,right
540,551.0,319.0,49.0,581.0,0,1,0,0,right
541,551.0,299.0,49.0,601.0,0,1,0,0,right
542,551.0,291.0,49.0,609.0,0,1,0,0,right
543,551.0,275.0,49.0,625.0,0,1,0,0,right
544,551.0,271.0,49.0,629.0,0,1,0,0,right
545,551.0,263.0,49.0,637.0,0,1,0,0,right
546,551.0,255.0,49.0,645.0,0,1,0,0,right
547,551.0,243.0,49.0,657.0,0,1,0,0,right
548,551.0,239.0,49.0,661.0,0,1,0,0,right
549,551.0,235.0,49.0,665.0,0,1,0,0,right
550,551.0,219.0,49.0,681.0,0,1,0,0,right
551,551.0,207.0,49.0,693.0,0,1,0,0,right
552,551.0,203.0,49.0,697.0,0,1,0,0,right
553,551.0,183.0,49.0,717.0,0,1,0,0,right
554,551.0,179.0,49.0,721.0,0,1,0,0,right
555,551.0,175.0,49.0,725.0,0,1,0,0,right
556,551.0,171.0,49.0,729.0,0,1,0,0,right
557,551.0,168.0,49.0,732.0,0,1,0,0,right
558,547.0,168.0,53.0,732.0,1,0,0,0,up
559,543.0,168.0,57.0,732.0,1,0,0,0,up
560,531.0,168.0,69.0,732.0,1,0,0,0,up
561,527.0,168.0,73.0,732.0,1,0,0,0,up
562,523.0,168.0,77.0,732.0,1,0,0,0,up
563,515.0,168.0,85.0,732.0,1,0,0,0,up
564,511.0,168.0,89.0,732.0,1,0,0,0,up
565,507.0,168.0,93.0,732.0,1,0,0,0,up
566,503.0,168.0,97.0,732.0,1,0,0,0,up
567,499.0,168.0,101.0,732.0,1,0,0,0,up
568,487.0,168.0,113.0,732.0,1,0,0,0,up
569,479.0,168.0,121.0,732.0,1,0,0,0,up
570,471.0,168.0,129.0,732.0,1,0,0,0,up
571,459.0,168.0,141.0,732.0,1,0,0,0,up
572,455.0,168.0,145.0,732.0,1,0,0,0,up
573,451.0,168.0,149.0,732.0,1,0,0,0,up
574,447.0,168.0,153.0,732.0,1,0,0,0,up
575,439.0,168.0,161.0,732.0,1,0,0,0,up
576,431.0,168.0,169.0,732.0,1,0,0,0,up
577,419.0,168.0,181.0,732.0,1,0,0,0,up
578,407.0,168.0,193.0,732.0,1,0,0,0,up
579,399.0,168.0,201.0,732.0,1,0,0,0,up
580,383.0,173.0,217.0,727.0,0,0,0,1,left
581,383.0,178.0,217.0,722.0,0,0,0,1,left
582,383.0,183.0,217.0,717.0,0,0,0,1,left
583,383.0,188.0,217.0,712.0,0,0,0,1,left
584,383.0,193.0,217.0,707.0,0,0,0,1,left
585,383.0,223.0,217.0,677.0,0,0,0,1,left
586,383.0,248.0,217.0,652.0,0,0,0,1,left
587,383.0,253.0,217.0,647.0,0,0,0,1,left
588,383.0,258.0,217.0,642.0,0,0,0,1,left
589,383.0,263.0,217.0,637.0,0,0,0,1,left
590,383.0,283.0,217.0,617.0,0,0,0,1,left
591,383.0,293.0,217.0,607.0,0,0,0,1,left
592,383.0,303.0,217.0,597.0,0,0,0,1,left
593,383.0,308.0,217.0,592.0,0,0,0,1,left
594,383.0,313.0,217.0,587.0,0,0,0,1,left
595,383.0,318.0,217.0,582.0,0,0,0,1,left
596,383.0,323.0,217.0,577.0,0,0,0,1,left
597,383.0,328.0,217.0,572.0,0,0,0,1,left
598,383.0,343.0,217.0,557.0,0,0,0,1,left
599,383.0,348.0,217.0,552.0,0,0,0,1,left
600,383.0,353.0,217.0,547.0,0,0,0,1,left
601,383.0,358.0,217.0,542.0,0,0,0,1,left
602,383.0,363.0,217.0,537.0,0,0,0,1,left
603,383.0,373.0,217.0,527.0,0,0,0,1,left
604,383.0,378.0,217.0,522.0,0,0,0,1,left
605,383.0,383.0,217.0,517.0,0,0,0,1,left
606,383.0,393.0,217.0,507.0,0,0,0,1,left
607,383.0,398.0,217.0,502.0,0,0,0,1,left
608,383.0,403.0,217.0,497.0,0,0,0,1,left
609,383.0,408.0,217.0,492.0,0,0,0,1,left
610,383.0,423.0,217.0,477.0,0,0,0,1,left
611,383.0,428.0,217.0,472.0,0,0,0,1,left
612,383.0,433.0,217.0,467.0,0,0,0,1,left
613,383.0,448.0,217.0,452.0,0,0,0,1,left
614,383.0,458.0,217.0,442.0,0,0,0,1,left
615,383.0,463.0,217.0,437.0,0,0,0,1,left
616,383.0,473.0,217.0,427.0,0,0,0,1,left
617,383.0,503.0,217.0,397.0,0,0,0,1,left
618,383.0,513.0,217.0,387.0,0,0,0,1,left
619,383.0,523.0,217.0,377.0,0,0,0,1,left
620,383.0,528.0,217.0,372.0,0,0,0,1,left
621,383.0,533.0,217.0,367.0,0,0,0,1,left
622,383.0,538.0,217.0,362.0,0,0,0,1,left
623,383.0,543.0,217.0,357.0,0,0,0,1,left
624,383.0,548.0,217.0,352.0,0,0,0,1,left
625,383.0,558.0,217.0,342.0,0,0,0,1,left
626,383.0,568.0,217.0,332.0,0,0,0,1,left
627,383.0,573.0,217.0,327.0,0,0,0,1,left
628,383.0,588.0,217.0,312.0,0,0,0,1,left
629,383.0,593.0,217.0,307.0,0,0,0,1,left
630,383.0,598.0,217.0,302.0,0,0,0,1,left
631,383.0,613.0,217.0,287.0,0,0,0,1,left
632,383.0,633.0,217.0,267.0,0,0,0,1,left
633,383.0,643.0,217.0,257.0,0,0,0,1,left
634,383.0,648.0,217.0,252.0,0,0,0,1,left
635,383.0,658.0,217.0,242.0,0,0,0,1,left
636,383.0,688.0,217.0,212.0,0,0,0,1,left
637,383.0,698.0,217.0,202.0,0,0,0,1,left
638,383.0,703.0,217.0,197.0,0,0,0,1,left
639,383.0,713.0,217.0,187.0,0,0,0,1,left
640,383.0,718.0,217.0,182.0,0,0,0,1,left
641,383.0,728.0,217.0,172.0,0,0,0,1,left
642,383.0,738.0,217.0,162.0,0,0,0,1,left
643,383.0,758.0,217.0,142.0,0,0,0,1,left
644,383.0,763.0,217.0,137.0,0,0,0,1,left
645,383.0,768.0,217.0,132.0,0,0,0,1,left
646,383.0,773.0,217.0,127.0,0,0,0,1,left
647,383.0,787.0,217.0,113.0,0,0,0,1,left
648,368.0,787.0,232.0,113.0,1,0,0,0,up
649,358.0,787.0,242.0,113.0,1,0,0,0,up
650,348.0,787.0,252.0,113.0,1,0,0,0,up
651,333.0,787.0,267.0,113.0,1,0,0,0,up
652,328.0,787.0,272.0,113.0,1,0,0,0,up
653,318.0,787.0,282.0,113.0,1,0,0,0,up
654,313.0,787.0,287.0,113.0,1,0,0,0,up
655,293.0,787.0,307.0,113.0,1,0,0,0,up
656,288.0,787.0,312.0,113.0,1,0,0,0,up
657,273.0,787.0,327.0,113.0,1,0,0,0,up
658,268.0,787.0,332.0,113.0,1,0,0,0,up
659,263.0,787.0,337.0,113.0,1,0,0,0,up
660,250.0,775.0,350.0,125.0,0,1,0,0,right
661,250.0,763.0,350.0,137.0,0,1,0,0,right
662,250.0,739.0,350.0,161.0,0,1,0,0,right
663,250.0,721.0,350.0,179.0,0,1,0,0,right
664,250.0,715.0,350.0,185.0,0,1,0,0,right
665,250.0,709.0,350.0,191.0,0,1,0,0,right
666,250.0,691.0,350.0,209.0,0,1,0,0,right
667,250.0,679.0,350.0,221.0,0,1,0,0,right
668,250.0,667.0,350.0,233.0,0,1,0,0,right
669,250.0,661.0,350.0,239.0,0,1,0,0,right
670,250.0,649.0,350.0,251.0,0,1,0,0,right
671,250.0,643.0,350.0,257.0,0,1,0,0,right
672,250.0,637.0,350.0,263.0,0,1,0,0,right
673,250.0,619.0,350.0,281.0,0,1,0,0,right
674,250.0,613.0,350.0,287.0,0,1,0,0,right
675,250.0,607.0,350.0,293.0,0,1,0,0,right
676,250.0,595.0,350.0,305.0,0,1,0,0,right
677,250.0,583.0,350.0,317.0,0,1,0,0,right
678,250.0,571.0,350.0,329.0,0,1,0,0,right
679,250.0,565.0,350.0,335.0,0,1,0,0,right
680,250.0,559.0,350.0,341.0,0,1,0,0,right
681,250.0,547.0,350.0,353.0,0,1,0,0,right
682,250.0,529.0,350.0,371.0,0,1,0,0,right
683,250.0,517.0,350.0,383.0,0,1,0,0,right
684,250.0,499.0,350.0,401.0,0,1,0,0,right
685,250.0,481.0,350.0,419.0,0,1,0,0,right
686,250.0,480.0,350.0,420.0,0,1,0,0,right
687,262.0,480.0,338.0,420.0,0,0,1,0,down
688,274.0,480.0,326.0,420.0,0,0,1,0,down
689,280.0,480.0,320.0,420.0,0,0,1,0,down
690,310.0,480.0,290.0,420.0,0,0,1,0,down
691,322.0,480.0,278.0,420.0,0,0,1,0,down
692,334.0,480.0,266.0,420.0,0,0,1,0,down
693,340.0,480.0,260.0,420.0,0,0,1,0,down
694,346.0,480.0,254.0,420.0,0,0,1,0,down
695,352.0,480.0,248.0,420.0,0,0,1,0,down
696,358.0,480.0,242.0,420.0,0,0,1,0,down
697,364.0,480.0,236.0,420.0,0,0,1,0,down
698,370.0,480.0,230.0,420.0,0,0,1,0,down
699,376.0,480.0,224.0,420.0,0,0,1,0,down
700,412.0,480.0,188.0,420.0,0,0,1,0,down
701,436.0,480.0,164.0,420.0,0,0,1,0,down
702,466.0,480.0,134.0,420.0,0,0,1,0,down
703,484.0,480.0,116.0,420.0,0,0,1,0,down
704,490.0,480.0,110.0,420.0,0,0,1,0,down
705,496.0,480.0,104.0,420.0,0,0,1,0,down
706,508.0,480.0,92.0,420.0,0,0,1,0,down
707,520.0,480.0,80.0,420.0,0,0,1,0,down
708,532.0,480.0,68.0,420.0,0,0,1,0,down
709,544.0,480.0,56.0,420.0,0,0,1,0,down
710,550.0,480.0,50.0,420.0,0,0,1,0,down
711,550.0,466.0,50.0,434.0,0,1,0,0,right
712,550.0,459.0,50.0,441.0,0,1,0,0,right
713,550.0,452.0,50.0,448.0,0,1,0,0,right
714,550.0,445.0,50.0,455.0,0,1,0,0,right
715,550.0,438.0,50.0,462.0,0,1,0,0,right
716,550.0,431.0,50.0,469.0,0,1,0,0,right
717,550.0,424.0,50.0,476.0,0,1,0,0,right
718,550.0,417.0,50.0,483.0,0,1,0,0,right
719,550.0,333.0,50.0,567.0,0,1,0,0,right
720,550.0,326.0,50.0,574.0,0,1,0,0,right
721,550.0,312.0,50.0,588.0,0,1,0,0,right
722,550.0,298.0,50.0,602.0,0,1,0,0,right
723,550.0,277.0,50.0,623.0,0,1,0,0,right
724,550.0,270.0,50.0,630.0,0,1,0,0,right
725,550.0,263.0,50.0,637.0,0,1,0,0,right
726,550.0,256.0,50.0,644.0,0,1,0,0,right
727,550.0,249.0,50.0,651.0,0,1,0,0,right
728,550.0,228.0,50.0,672.0,0,1,0,0,right
729,550.0,221.0,50.0,679.0,0,1,0,0,right
730,550.0,193.0,50.0,707.0,0,1,0,0,right
731,550.0,179.0,50.0,721.0,0,1,0,0,right
732,550.0,172.0,50.0,728.0,0,1,0,0,right
733,550.0,137.0,50.0,763.0,0,1,0,0,right
734,550.0,130.0,50.0,770.0,0,1,0,0,right
735,550.0,102.0,50.0,798.0,0,1,0,0,right
736,550.0,88.0,50.0,812.0,0,1,0,0,right
737,543.0,85.0,57.0,815.0,1,0,0,0,up
738,515.0,85.0,85.0,815.0,1,0,0,0,up
739,508.0,85.0,92.0,815.0,1,0,0,0,up
740,501.0,85.0,99.0,815.0,1,0,0,0,up
741,494.0,85.0,106.0,815.0,1,0,0,0,up
742,487.0,85.0,113.0,815.0,1,0,0,0,up
743,480.0,85.0,120.0,815.0,1,0,0,0,up
744,473.0,85.0,127.0,815.0,1,0,0,0,up
745,466.0,85.0,134.0,815.0,1,0,0,0,up
746,459.0,85.0,141.0,815.0,1,0,0,0,up
747,452.0,85.0,148.0,815.0,1,0,0,0,up
748,431.0,85.0,169.0,815.0,1,0,0,0,up
749,417.0,85.0,183.0,815.0,1,0,0,0,up
750,410.0,85.0,190.0,815.0,1,0,0,0,up
751,382.0,85.0,218.0,815.0,1,0,0,0,up
752,375.0,85.0,225.0,815.0,1,0,0,0,up
753,340.0,85.0,260.0,815.0,1,0,0,0,up
754,333.0,85.0,267.0,815.0,1,0,0,0,up
755,326.0,85.0,274.0,815.0,1,0,0,0,up
756,319.0,85.0,281.0,815.0,1,0,0,0,up
757,312.0,85.0,288.0,815.0,1,0,0,0,up
758,298.0,85.0,302.0,815.0,1,0,0,0,up
759,284.0,85.0,316.0,815.0,1,0,0,0,up
760,277.0,85.0,323.0,815.0,1,0,0,0,up
761,270.0,85.0,330.0,815.0,1,0,0,0,up
762,256.0,85.0,344.0,815.0,1,0,0,0,up
763,249.0,85.0,351.0,815.0,1,0,0,0,up
764,235.0,85.0,365.0,815.0,1,0,0,0,up
765,228.0,85.0,372.0,815.0,1,0,0,0,up
766,221.0,85.0,379.0,815.0,1,0,0,0,up
767,207.0,85.0,393.0,815.0,1,0,0,0,up
768,193.0,85.0,407.0,815.0,1,0,0,0,up
769,177.0,101.0,423.0,799.0,0,0,0,1,left
770,177.0,109.0,423.0,791.0,0,0,0,1,left
771,177.0,117.0,423.0,783.0,0,0,0,1,left
772,177.0,125.0,423.0,775.0,0,0,0,1,left
773,177.0,133.0,423.0,767.0,0,0,0,1,left
774,177.0,157.0,423.0,743.0,0,0,0,1,left
775,177.0,165.0,423.0,735.0,0,0,0,1,left
776,177.0,173.0,423.0,727.0,0,0,0,1,left
777,177.0,197.0,423.0,703.0,0,0,0,1,left
778,177.0,221.0,423.0,679.0,0,0,0,1,left
779,177.0,237.0,423.0,663.0,0,0,0,1,left
780,177.0,261.0,423.0,639.0,0,0,0,1,left
781,177.0,293.0,423.0,607.0,0,0,0,1,left
782,177.0,301.0,423.0,599.0,0,0,0,1,left
783,177.0,317.0,423.0,583.0,0,0,0,1,left
784,177.0,333.0,423.0,567.0,0,0,0,1,left
785,177.0,357.0,423.0,543.0,0,0,0,1,left
786,177.0,365.0,423.0,535.0,0,0,0,1,left
787,177.0,389.0,423.0,511.0,0,0,0,1,left
788,177.0,397.0,423.0,503.0,0,0,0,1,left
789,177.0,405.0,423.0,495.0,0,0,0,1,left
790,177.0,413.0,423.0,487.0,0,0,0,1,left
791,177.0,421.0,423.0,479.0,0,0,0,1,left
792,177.0,429.0,423.0,471.0,0,0,0,1,left
793,177.0,445.0,423.0,455.0,0,0,0,1,left
794,177.0,461.0,423.0,439.0,0,0,0,1,left
795,177.0,485.0,423.0,415.0,0,0,0,1,left
796,177.0,493.0,423.0,407.0,0,0,0,1,left
797,177.0,501.0,423.0,399.0,0,0,0,1,left
798,177.0,525.0,423.0,375.0,0,0,0,1,left
799,177.0,549.0,423.0,351.0,0,0,0,1,left
800,177.0,573.0,423.0,327.0,0,0,0,1,left
801,177.0,581.0,423.0,319.0,0,0,0,1,left
802,177.0,589.0,423.0,311.0,0,0,0,1,left
803,177.0,597.0,423.0,303.0,0,0,0,1,left
804,177.0,605.0,423.0,295.0,0,0,0,1,left
805,177.0,613.0,423.0,287.0,0,0,0,1,left
806,177.0,621.0,423.0,279.0,0,0,0,1,left
807,177.0,629.0,423.0,271.0,0,0,0,1,left
808,177.0,653.0,423.0,247.0,0,0,0,1,left
809,177.0,669.0,423.0,231.0,0,0,0,1,left
810,177.0,677.0,423.0,223.0,0,0,0,1,left
811,177.0,685.0,423.0,215.0,0,0,0,1,left
812,177.0,709.0,423.0,191.0,0,0,0,1,left
813,177.0,713.0,423.0,187.0,0,0,0,1,left
814,185.0,713.0,415.0,187.0,0,0,1,0,down
815,193.0,713.0,407.0,187.0,0,0,1,0,down
816,201.0,713.0,399.0,187.0,0,0,1,0,down
817,217.0,713.0,383.0,187.0,0,0,1,0,down
818,233.0,713.0,367.0,187.0,0,0,1,0,down
819,249.0,713.0,351.0,187.0,0,0,1,0,down
820,263.0,713.0,337.0,187.0,0,0,1,0,down
821,263.0,704.0,337.0,196.0,0,1,0,0,right
822,263.0,677.0,337.0,223.0,0,1,0,0,right
823,263.0,650.0,337.0,250.0,0,1,0,0,right
824,263.0,623.0,337.0,277.0,0,1,0,0,right
825,263.0,605.0,337.0,295.0,0,1,0,0,right
826,263.0,587.0,337.0,313.0,0,1,0,0,right
827,263.0,578.0,337.0,322.0,0,1,0,0,right
828,263.0,569.0,337.0,331.0,0,1,0,0,right
829,263.0,560.0,337.0,340.0,0,1,0,0,right
830,263.0,551.0,337.0,349.0,0,1,0,0,right
831,263.0,542.0,337.0,358.0,0,1,0,0,right
832,263.0,524.0,337.0,376.0,0,1,0,0,right
833,263.0,515.0,337.0,385.0,0,1,0,0,right
834,263.0,506.0,337.0,394.0,0,1,0,0,right
835,263.0,497.0,337.0,403.0,0,1,0,0,right
836,263.0,488.0,337.0,412.0,0,1,0,0,right
837,263.0,470.0,337.0,430.0,0,1,0,0,right
838,263.0,443.0,337.0,457.0,0,1,0,0,right
839,263.0,434.0,337.0,466.0,0,1,0,0,right
840,263.0,416.0,337.0,484.0,0,1,0,0,right
841,263.0,380.0,337.0,520.0,0,1,0,0,right
842,263.0,362.0,337.0,538.0,0,1,0,0,right
843,263.0,317.0,337.0,583.0,0,1,0,0,right
844,263.0,287.0,337.0,613.0,0,1,0,0,right
845,281.0,287.0,319.0,613.0,0,0,1,0,down
846,296.0,257.0,304.0,643.0,0,1,0,0,right
847,296.0,237.0,304.0,663.0,0,1,0,0,right
848,296.0,227.0,304.0,673.0,0,1,0,0,right
849,296.0,197.0,304.0,703.0,0,1,0,0,right
850,296.0,187.0,304.0,713.0,0,1,0,0,right
851,296.0,167.0,304.0,733.0,0,1,0,0,right
852,296.0,137.0,304.0,763.0,0,1,0,0,right
853,296.0,127.0,304.0,773.0,0,1,0,0,right
854,296.0,117.0,304.0,783.0,0,1,0,0,right
855,296.0,107.0,304.0,793.0,0,1,0,0,right
856,296.0,87.0,304.0,813.0,0,1,0,0,right
857,296.0,77.0,304.0,823.0,0,1,0,0,right
858,296.0,67.0,304.0,833.0,0,1,0,0,right
859,296.0,57.0,304.0,843.0,0,1,0,0,right
860,296.0,37.0,304.0,863.0,0,1,0,0,right
861,296.0,17.0,304.0,883.0,0,1,0,0,right
862,246.0,12.0,354.0,888.0,1,0,0,0,up
863,233.0,12.0,367.0,888.0,1,0,0,0,up
864,233.0,23.0,367.0,877.0,0,0,0,1,left
865,233.0,45.0,367.0,855.0,0,0,0,1,left
866,233.0,56.0,367.0,844.0,0,0,0,1,left
867,233.0,67.0,367.0,833.0,0,0,0,1,left
868,233.0,78.0,367.0,822.0,0,0,0,1,left
869,233.0,89.0,367.0,811.0,0,0,0,1,left
870,233.0,144.0,367.0,756.0,0,0,0,1,left
871,233.0,210.0,367.0,690.0,0,0,0,1,left
872,233.0,221.0,367.0,679.0,0,0,0,1,left
873,233.0,243.0,367.0,657.0,0,0,0,1,left
874,233.0,254.0,367.0,646.0,0,0,0,1,left
875,233.0,265.0,367.0,635.0,0,0,0,1,left
876,233.0,276.0,367.0,624.0,0,0,0,1,left
877,233.0,298.0,367.0,602.0,0,0,0,1,left
878,233.0,331.0,367.0,569.0,0,0,0,1,left
879,233.0,375.0,367.0,525.0,0,0,0,1,left
880,233.0,419.0,367.0,481.0,0,0,0,1,left
881,233.0,463.0,367.0,437.0,0,0,0,1,left
882,233.0,485.0,367.0,415.0,0,0,0,1,left
883,233.0,496.0,367.0,404.0,0,0,0,1,left
884,233.0,518.0,367.0,382.0,0,0,0,1,left
885,233.0,529.0,367.0,371.0,0,0,0,1,left
886,233.0,551.0,367.0,349.0,0,0,0,1,left
887,233.0,562.0,367.0,338.0,0,0,0,1,left
888,233.0,584.0,367.0,316.0,0,0,0,1,left
889,233.0,606.0,367.0,294.0,0,0,0,1,left
890,233.0,617.0,367.0,283.0,0,0,0,1,left
891,233.0,639.0,367.0,261.0,0,0,0,1,left
892,233.0,661.0,367.0,239.0,0,0,0,1,left
893,233.0,694.0,367.0,206.0,0,0,0,1,left
894,233.0,716.0,367.0,184.0,0,0,0,1,left
895,233.0,727.0,367.0,173.0,0,0,0,1,left
896,233.0,760.0,367.0,140.0,0,0,0,1,left
897,233.0,771.0,367.0,129.0,0,0,0,1,left
898,233.0,782.0,367.0,118.0,0,0,0,1,left
899,233.0,804.0,367.0,96.0,0,0,0,1,left
900,233.0,858.0,367.0,42.0,0,0,0,1,left
901,222.0,858.0,378.0,42.0,1,0,0,0,up
902,189.0,858.0,411.0,42.0,1,0,0,0,up
903,178.0,858.0,422.0,42.0,1,0,0,0,up
904,167.0,858.0,433.0,42.0,1,0,0,0,up
905,134.0,858.0,466.0,42.0,1,0,0,0,up
906,123.0,858.0,477.0,42.0,1,0,0,0,up
907,101.0,858.0,499.0,42.0,1,0,0,0,up
908,68.0,858.0,532.0,42.0,1,0,0,0,up
909,57.0,858.0,543.0,42.0,1,0,0,0,up
910,46.0,858.0,554.0,42.0,1,0,0,0,up
911,25.0,822.0,575.0,78.0,0,1,0,0,right
912,25.0,798.0,575.0,102.0,0,1,0,0,right
913,25.0,786.0,575.0,114.0,0,1,0,0,right
914,25.0,762.0,575.0,138.0,0,1,0,0,right
915,25.0,750.0,575.0,150.0,0,1,0,0,right
916,25.0,738.0,575.0,162.0,0,1,0,0,right
917,25.0,714.0,575.0,186.0,0,1,0,0,right
918,25.0,702.0,575.0,198.0,0,1,0,0,right
919,25.0,678.0,575.0,222.0,0,1,0,0,right
920,25.0,666.0,575.0,234.0,0,1,0,0,right
921,25.0,654.0,575.0,246.0,0,1,0,0,right
922,25.0,606.0,575.0,294.0,0,1,0,0,right
923,25.0,594.0,575.0,306.0,0,1,0,0,right
924,25.0,558.0,575.0,342.0,0,1,0,0,right
925,25.0,546.0,575.0,354.0,0,1,0,0,right
926,25.0,522.0,575.0,378.0,0,1,0,0,right
927,25.0,510.0,575.0,390.0,0,1,0,0,right
928,25.0,498.0,575.0,402.0,0,1,0,0,right
929,25.0,486.0,575.0,414.0,0,1,0,0,right
930,25.0,445.0,575.0,455.0,0,1,0,0,right
931,56.0,445.0,544.0,455.0,0,0,1,0,down
932,56.0,458.0,544.0,442.0,0,0,0,1,left
933,56.0,471.0,544.0,429.0,0,0,0,1,left
934,56.0,484.0,544.0,416.0,0,0,0,1,left
935,56.0,510.0,544.0,390.0,0,0,0,1,left
936,56.0,523.0,544.0,377.0,0,0,0,1,left
937,56.0,536.0,544.0,364.0,0,0,0,1,left
938,56.0,562.0,544.0,338.0,0,0,0,1,left
939,56.0,575.0,544.0,325.0,0,0,0,1,left
940,56.0,601.0,544.0,299.0,0,0,0,1,left
941,56.0,627.0,544.0,273.0,0,0,0,1,left
942,56.0,653.0,544.0,247.0,0,0,0,1,left
943,56.0,666.0,544.0,234.0,0,0,0,1,left
944,56.0,679.0,544.0,221.0,0,0,0,1,left
945,56.0,718.0,544.0,182.0,0,0,0,1,left
946,69.0,729.0,531.0,171.0,0,0,1,0,down
947,95.0,729.0,505.0,171.0,0,0,1,0,down
948,108.0,729.0,492.0,171.0,0,0,1,0,down
949,134.0,729.0,466.0,171.0,0,0,1,0,down
950,147.0,729.0,453.0,171.0,0,0,1,0,down
951,173.0,729.0,427.0,171.0,0,0,1,0,down
952,186.0,729.0,414.0,171.0,0,0,1,0,down
953,199.0,729.0,401.0,171.0,0,0,1,0,down
954,212.0,729.0,388.0,171.0,0,0,1,0,down
955,225.0,729.0,375.0,171.0,0,0,1,0,down
956,238.0,729.0,362.0,171.0,0,0,1,0,down
957,264.0,729.0,336.0,171.0,0,0,1,0,down
958,290.0,729.0,310.0,171.0,0,0,1,0,down
959,303.0,729.0,297.0,171.0,0,0,1,0,down
960,316.0,729.0,284.0,171.0,0,0,1,0,down
961,342.0,729.0,258.0,171.0,0,0,1,0,down
962,381.0,729.0,219.0,171.0,0,0,1,0,down
963,394.0,729.0,206.0,171.0,0,0,1,0,down
964,407.0,729.0,193.0,171.0,0,0,1,0,down
965,420.0,729.0,180.0,171.0,0,0,1,0,down
966,498.0,729.0,102.0,171.0,0,0,1,0,down
967,550.0,687.0,50.0,213.0,0,1,0,0,right
968,550.0,673.0,50.0,227.0,0,1,0,0,right
969,550.0,659.0,50.0,241.0,0,1,0,0,right
970,550.0,603.0,50.0,297.0,0,1,0,0,right
971,550.0,589.0,50.0,311.0,0,1,0,0,right
972,550.0,575.0,50.0,325.0,0,1,0,0,right
973,550.0,561.0,50.0,339.0,0,1,0,0,right
974,550.0,547.0,50.0,353.0,0,1,0,0,right
975,550.0,491.0,50.0,409.0,0,1,0,0,right
976,550.0,482.0,50.0,418.0,0,1,0,0,right
977,522.0,482.0,78.0,418.0,1,0,0,0,up
978,508.0,482.0,92.0,418.0,1,0,0,0,up
979,494.0,482.0,106.0,418.0,1,0,0,0,up
980,480.0,482.0,120.0,418.0,1,0,0,0,up
981,452.0,482.0,148.0,418.0,1,0,0,0,up
982,438.0,482.0,162.0,418.0,1,0,0,0,up
983,410.0,482.0,190.0,418.0,1,0,0,0,up
984,396.0,482.0,204.0,418.0,1,0,0,0,up
985,382.0,482.0,218.0,418.0,1,0,0,0,up
986,368.0,482.0,232.0,418.0,1,0,0,0,up
987,354.0,482.0,246.0,418.0,1,0,0,0,up
988,340.0,482.0,260.0,418.0,1,0,0,0,up
989,312.0,482.0,288.0,418.0,1,0,0,0,up
990,298.0,482.0,302.0,418.0,1,0,0,0,up
991,284.0,482.0,316.0,418.0,1,0,0,0,up
992,242.0,482.0,358.0,418.0,1,0,0,0,up
993,228.0,482.0,372.0,418.0,1,0,0,0,up
994,158.0,482.0,442.0,418.0,1,0,0,0,up
995,102.0,482.0,498.0,418.0,1,0,0,0,up
996,89.0,467.0,511.0,433.0,0,1,0,0,right
997,89.0,422.0,511.0,478.0,0,1,0,0,right
998,89.0,407.0,511.0,493.0,0,1,0,0,right
999,89.0,392.0,511.0,508.0,0,1,0,0,right
1000,89.0,377.0,511.0,523.0,0,1,0,0,right
1001,89.0,362.0,511.0,538.0,0,1,0,0,right
1002,89.0,347.0,511.0,553.0,0,1,0,0,right
1003,89.0,332.0,511.0,568.0,0,1,0,0,right
1004,89.0,317.0,511.0,583.0,0,1,0,0,right
1005,89.0,302.0,511.0,598.0,0,1,0,0,right
1006,89.0,287.0,511.0,613.0,0,1,0,0,right
1007,89.0,272.0,511.0,628.0,0,1,0,0,right
1008,89.0,257.0,511.0,643.0,0,1,0,0,right
1009,89.0,197.0,511.0,703.0,0,1,0,0,right
1010,89.0,167.0,511.0,733.0,0,1,0,0,right
1011,89.0,152.0,511.0,748.0,0,1,0,0,right
1012,89.0,107.0,511.0,793.0,0,1,0,0,right
1013,89.0,55.0,511.0,845.0,0,1,0,0,right
1014,119.0,55.0,481.0,845.0,0,0,1,0,down
1015,149.0,55.0,451.0,845.0,0,0,1,0,down
1016,179.0,55.0,421.0,845.0,0,0,1,0,down
1017,254.0,55.0,346.0,845.0,0,0,1,0,down
1018,269.0,55.0,331.0,845.0,0,0,1,0,down
1019,297.0,55.0,303.0,845.0,0,0,1,0,down
1020,297.0,71.0,303.0,829.0,0,0,0,1,left
1021,297.0,103.0,303.0,797.0,0,0,0,1,left
1022,297.0,135.0,303.0,765.0,0,0,0,1,left
1023,297.0,151.0,303.0,749.0,0,0,0,1,left
1024,297.0,167.0,303.0,733.0,0,0,0,1,left
1025,297.0,199.0,303.0,701.0,0,0,0,1,left
1026,297.0,247.0,303.0,653.0,0,0,0,1,left
1027,297.0,327.0,303.0,573.0,0,0,0,1,left
1028,297.0,343.0,303.0,557.0,0,0,0,1,left
1029,297.0,359.0,303.0,541.0,0,0,0,1,left
1030,297.0,391.0,303.0,509.0,0,0,0,1,left
1031,297.0,423.0,303.0,477.0,0,0,0,1,left
1032,297.0,519.0,303.0,381.0,0,0,0,1,left
1033,297.0,567.0,303.0,333.0,0,0,0,1,left
1034,297.0,583.0,303.0,317.0,0,0,0,1,left
1035,297.0,631.0,303.0,269.0,0,0,0,1,left
1036,297.0,647.0,303.0,253.0,0,0,0,1,left
1037,297.0,677.0,303.0,223.0,0,0,0,1,left
1038,265.0,677.0,335.0,223.0,1,0,0,0,up
1039,249.0,677.0,351.0,223.0,1,0,0,0,up
1040,233.0,677.0,367.0,223.0,1,0,0,0,up
1041,201.0,677.0,399.0,223.0,1,0,0,0,up
1042,185.0,677.0,415.0,223.0,1,0,0,0,up
1043,170.0,643.0,430.0,257.0,0,1,0,0,right
1044,170.0,609.0,430.0,291.0,0,1,0,0,right
1045,170.0,575.0,430.0,325.0,0,1,0,0,right
1046,170.0,558.0,430.0,342.0,0,1,0,0,right
1047,170.0,473.0,430.0,427.0,0,1,0,0,right
1048,170.0,337.0,430.0,563.0,0,1,0,0,right
1049,170.0,286.0,430.0,614.0,0,1,0,0,right
1050,187.0,254.0,413.0,646.0,0,0,1,0,down
1051,221.0,254.0,379.0,646.0,0,0,1,0,down
1052,238.0,254.0,362.0,646.0,0,0,1,0,down
1053,255.0,254.0,345.0,646.0,0,0,1,0,down
1054,289.0,254.0,311.0,646.0,0,0,1,0,down
1055,354.0,254.0,246.0,646.0,0,0,1,0,down
1056,354.0,308.0,246.0,592.0,0,0,0,1,left
1057,336.0,352.0,264.0,548.0,1,0,0,0,up
1058,318.0,352.0,282.0,548.0,1,0,0,0,up
1059,246.0,352.0,354.0,548.0,1,0,0,0,up
1060,210.0,352.0,390.0,548.0,1,0,0,0,up
1061,156.0,352.0,444.0,548.0,1,0,0,0,up
1062,138.0,352.0,462.0,548.0,1,0,0,0,up
1063,60.0,352.0,540.0,548.0,1,0,0,0,up
1064,60.0,371.0,540.0,529.0,0,0,0,1,left
1065,60.0,409.0,540.0,491.0,0,0,0,1,left
1066,60.0,428.0,540.0,472.0,0,0,0,1,left
1067,60.0,447.0,540.0,453.0,0,0,0,1,left
1068,60.0,466.0,540.0,434.0,0,0,0,1,left
1069,60.0,485.0,540.0,415.0,0,0,0,1,left
1070,60.0,523.0,540.0,377.0,0,0,0,1,left
1071,60.0,542.0,540.0,358.0,0,0,0,1,left
1072,60.0,599.0,540.0,301.0,0,0,0,1,left
1073,60.0,694.0,540.0,206.0,0,0,0,1,left
1074,60.0,777.0,540.0,123.0,0,0,0,1,left
1075,117.0,777.0,483.0,123.0,0,0,1,0,down
1076,136.0,777.0,464.0,123.0,0,0,1,0,down
1077,157.0,717.0,443.0,183.0,0,1,0,0,right
1078,157.0,657.0,443.0,243.0,0,1,0,0,right
1079,157.0,647.0,443.0,253.0,0,1,0,0,right
1080,217.0,647.0,383.0,253.0,0,0,1,0,down
1081,277.0,647.0,323.0,253.0,0,0,1,0,down
1082,297.0,647.0,303.0,253.0,0,0,1,0,down
1083,357.0,647.0,243.0,253.0,0,0,1,0,down
1084,428.0,647.0,172.0,253.0,0,0,1,0,down
1085,428.0,668.0,172.0,232.0,0,0,0,1,left
1086,428.0,710.0,172.0,190.0,0,0,0,1,left
1087,428.0,717.0,172.0,183.0,0,0,0,1,left
1088,437.0,695.0,163.0,205.0,0,1,0,0,right
1089,437.0,673.0,163.0,227.0,0,1,0,0,right
1090,437.0,607.0,163.0,293.0,0,1,0,0,right
1091,437.0,585.0,163.0,315.0,0,1,0,0,right
1092,437.0,475.0,163.0,425.0,0,1,0,0,right
1093,437.0,453.0,163.0,447.0,0,1,0,0,right
1094,437.0,409.0,163.0,491.0,0,1,0,0,right
1095,437.0,387.0,163.0,513.0,0,1,0,0,right
1096,437.0,343.0,163.0,557.0,0,1,0,0,right
1097,437.0,334.0,163.0,566.0,0,1,0,0,right
1098,393.0,334.0,207.0,566.0,1,0,0,0,up
1099,349.0,334.0,251.0,566.0,1,0,0,0,up
1100,327.0,334.0,273.0,566.0,1,0,0,0,up
1101,261.0,334.0,339.0,566.0,1,0,0,0,up
1102,239.0,334.0,361.0,566.0,1,0,0,0,up
1103,209.0,334.0,391.0,566.0,1,0,0,0,up
1104,209.0,265.0,391.0,635.0,0,1,0,0,right
1105,209.0,196.0,391.0,704.0,0,1,0,0,right
1106,209.0,173.0,391.0,727.0,0,1,0,0,right
1107,209.0,150.0,391.0,750.0,0,1,0,0,right
1108,186.0,92.0,414.0,808.0,1,0,0,0,up
1109,163.0,92.0,437.0,808.0,1,0,0,0,up
1110,117.0,92.0,483.0,808.0,1,0,0,0,up
1111,115.0,92.0,485.0,808.0,1,0,0,0,up
1112,115.0,116.0,485.0,784.0,0,0,0,1,left
1113,115.0,164.0,485.0,736.0,0,0,0,1,left
1114,115.0,260.0,485.0,640.0,0,0,0,1,left
1115,115.0,284.0,485.0,616.0,0,0,0,1,left
1116,139.0,295.0,461.0,605.0,0,0,1,0,down
1117,307.0,295.0,293.0,605.0,0,0,1,0,down
1118,331.0,295.0,269.0,605.0,0,0,1,0,down
1119,403.0,295.0,197.0,605.0,0,0,1,0,down
1120,427.0,295.0,173.0,605.0,0,0,1,0,down
1121,475.0,295.0,125.0,605.0,0,0,1,0,down
1122,547.0,295.0,53.0,605.0,0,0,1,0,down
1123,562.0,295.0,38.0,605.0,0,0,1,0,down
1124,562.0,320.0,38.0,580.0,0,0,0,1,left
1125,562.0,332.0,38.0,568.0,0,0,0,1,left
1126,462.0,332.0,138.0,568.0,1,0,0,0,up
1127,412.0,332.0,188.0,568.0,1,0,0,0,up
1128,387.0,332.0,213.0,568.0,1,0,0,0,up
1129,262.0,332.0,338.0,568.0,1,0,0,0,up
1130,237.0,332.0,363.0,568.0,1,0,0,0,up
1131,217.0,306.0,383.0,594.0,0,1,0,0,right
1132,217.0,283.0,383.0,617.0,0,1,0,0,right
1133,295.0,283.0,305.0,617.0,0,0,1,0,down
1134,307.0,283.0,293.0,617.0,0,0,1,0,down
1135,307.0,310.0,293.0,590.0,0,0,0,1,left
1136,307.0,336.0,293.0,564.0,0,0,0,1,left
1137,280.0,336.0,320.0,564.0,1,0,0,0,up
1138,253.0,336.0,347.0,564.0,1,0,0,0,up
1139,200.0,336.0,400.0,564.0,1,0,0,0,up
1140,200.0,420.0,400.0,480.0,0,0,0,1,left
1141,200.0,448.0,400.0,452.0,0,0,0,1,left
1142,200.0,504.0,400.0,396.0,0,0,0,1,left
1143,200.0,532.0,400.0,368.0,0,0,0,1,left
1144,200.0,654.0,400.0,246.0,0,0,0,1,left
1145,231.0,654.0,369.0,246.0,0,0,1,0,down
1146,231.0,625.0,369.0,275.0,0,1,0,0,right
1147,231.0,596.0,369.0,304.0,0,1,0,0,right
1148,231.0,538.0,369.0,362.0,0,1,0,0,right
1149,231.0,509.0,369.0,391.0,0,1,0,0,right
1150,231.0,451.0,369.0,449.0,0,1,0,0,right
1151,160.0,432.0,440.0,468.0,1,0,0,0,up
1152,160.0,282.0,440.0,618.0,0,1,0,0,right
1153,160.0,252.0,440.0,648.0,0,1,0,0,right
1154,160.0,162.0,440.0,738.0,0,1,0,0,right
1155,160.0,102.0,440.0,798.0,0,1,0,0,right
1156,190.0,44.0,410.0,856.0,0,0,1,0,down
1157,201.0,44.0,399.0,856.0,0,0,1,0,down
1158,201.0,75.0,399.0,825.0,0,0,0,1,left
1159,201.0,168.0,399.0,732.0,0,0,0,1,left
1160,201.0,261.0,399.0,639.0,0,0,0,1,left
1161,201.0,292.0,399.0,608.0,0,0,0,1,left
1162,201.0,354.0,399.0,546.0,0,0,0,1,left
1163,201.0,385.0,399.0,515.0,0,0,0,1,left
1164,201.0,447.0,399.0,453.0,0,0,0,1,left
1165,201.0,509.0,399.0,391.0,0,0,0,1,left
1166,201.0,633.0,399.0,267.0,0,0,0,1,left
1167,232.0,640.0,368.0,260.0,0,0,1,0,down
1168,263.0,640.0,337.0,260.0,0,0,1,0,down
1169,325.0,640.0,275.0,260.0,0,0,1,0,down
1170,356.0,640.0,244.0,260.0,0,0,1,0,down
1171,387.0,640.0,213.0,260.0,0,0,1,0,down
1172,418.0,640.0,182.0,260.0,0,0,1,0,down
1173,470.0,640.0,130.0,260.0,0,0,1,0,down
1174,470.0,576.0,130.0,324.0,0,1,0,0,right
1175,470.0,512.0,130.0,388.0,0,1,0,0,right
1176,470.0,448.0,130.0,452.0,0,1,0,0,right
1177,470.0,416.0,130.0,484.0,0,1,0,0,right
1178,470.0,384.0,130.0,516.0,0,1,0,0,right
1179,470.0,288.0,130.0,612.0,0,1,0,0,right
1180,470.0,224.0,130.0,676.0,0,1,0,0,right
1181,470.0,192.0,130.0,708.0,0,1,0,0,right
1182,470.0,128.0,130.0,772.0,0,1,0,0,right
1183,470.0,96.0,130.0,804.0,0,1,0,0,right
1184,374.0,88.0,226.0,812.0,1,0,0,0,up
1185,342.0,88.0,258.0,812.0,1,0,0,0,up
1186,259.0,88.0,341.0,812.0,1,0,0,0,up
1187,259.0,187.0,341.0,713.0,0,0,0,1,left
1188,259.0,253.0,341.0,647.0,0,0,0,1,left
1189,259.0,286.0,341.0,614.0,0,0,0,1,left
1190,259.0,352.0,341.0,548.0,0,0,0,1,left
1191,226.0,380.0,374.0,520.0,1,0,0,0,up
1192,193.0,380.0,407.0,520.0,1,0,0,0,up
1193,162.0,414.0,438.0,486.0,0,0,0,1,left
1194,162.0,516.0,438.0,384.0,0,0,0,1,left
1195,162.0,584.0,438.0,316.0,0,0,0,1,left
1196,162.0,715.0,438.0,185.0,0,0,0,1,left
1197,264.0,715.0,336.0,185.0,0,0,1,0,down
1198,298.0,715.0,302.0,185.0,0,0,1,0,down
1199,434.0,715.0,166.0,185.0,0,0,1,0,down
1200,502.0,715.0,98.0,185.0,0,0,1,0,down
1201,533.0,680.0,67.0,220.0,0,1,0,0,right
1202,533.0,610.0,67.0,290.0,0,1,0,0,right
1203,533.0,540.0,67.0,360.0,0,1,0,0,right
1204,533.0,505.0,67.0,395.0,0,1,0,0,right
1205,533.0,470.0,67.0,430.0,0,1,0,0,right
1206,533.0,435.0,67.0,465.0,0,1,0,0,right
1207,533.0,365.0,67.0,535.0,0,1,0,0,right
1208,533.0,295.0,67.0,605.0,0,1,0,0,right
1209,533.0,260.0,67.0,640.0,0,1,0,0,right
1210,533.0,225.0,67.0,675.0,0,1,0,0,right
1211,533.0,190.0,67.0,710.0,0,1,0,0,right
1212,533.0,155.0,67.0,745.0,0,1,0,0,right
1213,533.0,117.0,67.0,783.0,0,1,0,0,right
1214,519.0,153.0,81.0,747.0,0,0,0,1,left
1215,519.0,189.0,81.0,711.0,0,0,0,1,left
1216,519.0,333.0,81.0,567.0,0,0,0,1,left
1217,519.0,369.0,81.0,531.0,0,0,0,1,left
1218,519.0,405.0,81.0,495.0,0,0,0,1,left
1219,519.0,513.0,81.0,387.0,0,0,0,1,left
1220,519.0,585.0,81.0,315.0,0,0,0,1,left
1221,519.0,621.0,81.0,279.0,0,0,0,1,left
1222,519.0,633.0,81.0,267.0,0,0,0,1,left
1223,447.0,633.0,153.0,267.0,1,0,0,0,up
1224,362.0,522.0,238.0,378.0,0,1,0,0,right
1225,362.0,485.0,238.0,415.0,0,1,0,0,right
1226,362.0,448.0,238.0,452.0,0,1,0,0,right
1227,362.0,411.0,238.0,489.0,0,1,0,0,right
1228,362.0,374.0,238.0,526.0,0,1,0,0,right
1229,362.0,189.0,238.0,711.0,0,1,0,0,right
1230,362.0,152.0,238.0,748.0,0,1,0,0,right
1231,362.0,115.0,238.0,785.0,0,1,0,0,right
1232,362.0,99.0,238.0,801.0,0,1,0,0,right
1233,385.0,99.0,215.0,801.0,0,0,1,0,down
1234,385.0,175.0,215.0,725.0,0,0,0,1,left
1235,385.0,251.0,215.0,649.0,0,0,0,1,left
1236,385.0,274.0,215.0,626.0,0,0,0,1,left
1237,395.0,274.0,205.0,626.0,0,0,1,0,down
1238,395.0,313.0,205.0,587.0,0,0,0,1,left
1239,395.0,352.0,205.0,548.0,0,0,0,1,left
1240,395.0,391.0,205.0,509.0,0,0,0,1,left
1241,395.0,430.0,205.0,470.0,0,0,0,1,left
1242,395.0,547.0,205.0,353.0,0,0,0,1,left
1243,395.0,586.0,205.0,314.0,0,0,0,1,left
1244,395.0,625.0,205.0,275.0,0,0,0,1,left
1245,395.0,664.0,205.0,236.0,0,0,0,1,left
1246,395.0,703.0,205.0,197.0,0,0,0,1,left
1247,395.0,742.0,205.0,158.0,0,0,0,1,left
1248,395.0,773.0,205.0,127.0,0,0,0,1,left
1249,511.0,773.0,89.0,127.0,0,0,1,0,down
1250,511.0,553.0,89.0,347.0,0,1,0,0,right
1251,431.0,553.0,169.0,347.0,1,0,0,0,up
1252,382.0,594.0,218.0,306.0,0,0,0,1,left
1253,382.0,635.0,218.0,265.0,0,0,0,1,left
1254,382.0,676.0,218.0,224.0,0,0,0,1,left
1255,341.0,792.0,259.0,108.0,1,0,0,0,up
1256,218.0,792.0,382.0,108.0,1,0,0,0,up
1257,177.0,792.0,423.0,108.0,1,0,0,0,up
1258,136.0,792.0,464.0,108.0,1,0,0,0,up
1259,95.0,792.0,505.0,108.0,1,0,0,0,up
1260,41.0,792.0,559.0,108.0,1,0,0,0,up
1261,41.0,834.0,559.0,66.0,0,0,0,1,left
1262,41.0,875.0,559.0,25.0,0,0,0,1,left
1263,167.0,875.0,433.0,25.0,0,0,1,0,down
1264,251.0,875.0,349.0,25.0,0,0,1,0,down
1265,335.0,875.0,265.0,25.0,0,0,1,0,down
1266,406.0,832.0,194.0,68.0,0,1,0,0,right
1267,406.0,703.0,194.0,197.0,0,1,0,0,right
1268,406.0,660.0,194.0,240.0,0,1,0,0,right
1269,406.0,531.0,194.0,369.0,0,1,0,0,right
1270,406.0,230.0,194.0,670.0,0,1,0,0,right
1271,320.0,90.0,280.0,810.0,1,0,0,0,up
1272,266.0,90.0,334.0,810.0,1,0,0,0,up
1273,266.0,103.0,334.0,797.0,0,0,0,1,left
1274,178.0,103.0,422.0,797.0,1,0,0,0,up
1275,134.0,103.0,466.0,797.0,1,0,0,0,up
1276,90.0,103.0,510.0,797.0,1,0,0,0,up
1277,57.0,148.0,543.0,752.0,0,0,0,1,left
1278,57.0,378.0,543.0,522.0,0,0,0,1,left
1279,102.0,378.0,498.0,522.0,0,0,1,0,down
1280,147.0,378.0,453.0,522.0,0,0,1,0,down
1281,192.0,378.0,408.0,522.0,0,0,1,0,down
1282,237.0,378.0,363.0,522.0,0,0,1,0,down
1283,282.0,378.0,318.0,522.0,0,0,1,0,down
1284,308.0,286.0,292.0,614.0,0,1,0,0,right
1285,308.0,240.0,292.0,660.0,0,1,0,0,right
1286,177.0,251.0,423.0,649.0,0,0,0,1,left
1287,177.0,298.0,423.0,602.0,0,0,0,1,left
1288,177.0,345.0,423.0,555.0,0,0,0,1,left
1289,177.0,533.0,423.0,367.0,0,0,0,1,left
1290,177.0,572.0,423.0,328.0,0,0,0,1,left
1291,318.0,572.0,282.0,328.0,0,0,1,0,down
1292,345.0,476.0,255.0,424.0,0,1,0,0,right
1293,345.0,428.0,255.0,472.0,0,1,0,0,right
1294,345.0,380.0,255.0,520.0,0,1,0,0,right
1295,345.0,332.0,255.0,568.0,0,1,0,0,right
1296,345.0,236.0,255.0,664.0,0,1,0,0,right
1297,345.0,140.0,255.0,760.0,0,1,0,0,right
1298,393.0,92.0,207.0,808.0,0,0,1,0,down
1299,441.0,92.0,159.0,808.0,0,0,1,0,down
1300,441.0,190.0,159.0,710.0,0,0,0,1,left
1301,441.0,239.0,159.0,661.0,0,0,0,1,left
1302,441.0,288.0,159.0,612.0,0,0,0,1,left
1303,441.0,386.0,159.0,514.0,0,0,0,1,left
1304,441.0,435.0,159.0,465.0,0,0,0,1,left
1305,354.0,438.0,246.0,462.0,1,0,0,0,up
1306,354.0,538.0,246.0,362.0,0,0,0,1,left
1307,354.0,588.0,246.0,312.0,0,0,0,1,left
1308,354.0,638.0,246.0,262.0,0,0,0,1,left
1309,354.0,743.0,246.0,157.0,0,0,0,1,left
1310,394.0,692.0,206.0,208.0,0,1,0,0,right
1311,394.0,641.0,206.0,259.0,0,1,0,0,right
1312,394.0,539.0,206.0,361.0,0,1,0,0,right
1313,343.0,523.0,257.0,377.0,1,0,0,0,up
1314,190.0,523.0,410.0,377.0,1,0,0,0,up
1315,37.0,523.0,563.0,377.0,1,0,0,0,up
1316,12.0,523.0,588.0,377.0,1,0,0,0,up
1317,12.0,419.0,588.0,481.0,0,1,0,0,right
1318,64.0,61.0,536.0,839.0,0,0,1,0,down
1319,250.0,167.0,350.0,733.0,0,0,0,1,left
1320,250.0,220.0,350.0,680.0,0,0,0,1,left
1321,250.0,326.0,350.0,574.0,0,0,0,1,left
1322,250.0,432.0,350.0,468.0,0,0,0,1,left
1323,250.0,485.0,350.0,415.0,0,0,0,1,left
1324,197.0,614.0,403.0,286.0,1,0,0,0,up
1325,91.0,614.0,509.0,286.0,1,0,0,0,up
1326,38.0,614.0,562.0,286.0,1,0,0,0,up
1327,29.0,614.0,571.0,286.0,1,0,0,0,up
1328,29.0,452.0,571.0,448.0,0,1,0,0,right
1329,29.0,398.0,571.0,502.0,0,1,0,0,right
1330,83.0,294.0,517.0,606.0,0,0,1,0,down
1331,89.0,624.0,511.0,276.0,0,0,0,1,left
1332,89.0,844.0,511.0,56.0,0,0,0,1,left
1333,89.0,853.0,511.0,47.0,0,0,0,1,left
1334,364.0,853.0,236.0,47.0,0,0,1,0,down
1335,419.0,853.0,181.0,47.0,0,0,1,0,down
1336,387.0,837.0,213.0,63.0,1,0,0,0,up
1337,219.0,837.0,381.0,63.0,1,0,0,0,up
1338,163.0,837.0,437.0,63.0,1,0,0,0,up
1339,107.0,837.0,493.0,63.0,1,0,0,0,up
1340,84.0,837.0,516.0,63.0,1,0,0,0,up
1341,84.0,723.0,516.0,177.0,0,1,0,0,right
1342,277.0,590.0,323.0,310.0,0,1,0,0,right
1343,277.0,532.0,323.0,368.0,0,1,0,0,right
1344,277.0,416.0,323.0,484.0,0,1,0,0,right
1345,277.0,242.0,323.0,658.0,0,1,0,0,right
1346,277.0,68.0,323.0,832.0,0,1,0,0,right
1347,277.0,42.0,323.0,858.0,0,1,0,0,right
1348,294.0,42.0,306.0,858.0,0,0,1,0,down
1349,294.0,101.0,306.0,799.0,0,0,0,1,left
1350,294.0,219.0,306.0,681.0,0,0,0,1,left
1351,294.0,278.0,306.0,622.0,0,0,0,1,left
1352,294.0,337.0,306.0,563.0,0,0,0,1,left
1353,294.0,396.0,306.0,504.0,0,0,0,1,left
1354,334.0,553.0,266.0,347.0,0,0,1,0,down
1355,334.0,433.0,266.0,467.0,0,1,0,0,right
1356,334.0,373.0,266.0,527.0,0,1,0,0,right
1357,334.0,253.0,266.0,647.0,0,1,0,0,right
1358,334.0,193.0,266.0,707.0,0,1,0,0,right
1359,334.0,133.0,266.0,767.0,0,1,0,0,right
1360,334.0,107.0,266.0,793.0,0,1,0,0,right
1361,242.0,107.0,358.0,793.0,1,0,0,0,up
1362,364.0,133.0,236.0,767.0,0,0,1,0,down
1363,511.0,351.0,89.0,549.0,0,0,0,1,left
1364,573.0,351.0,27.0,549.0,0,0,1,0,down
1365,584.0,351.0,16.0,549.0,0,0,1,0,down
1366,584.0,477.0,16.0,423.0,0,0,0,1,left
1367,521.0,522.0,79.0,378.0,1,0,0,0,up
1368,458.0,522.0,142.0,378.0,1,0,0,0,up
1369,143.0,522.0,457.0,378.0,1,0,0,0,up
1370,94.0,522.0,506.0,378.0,1,0,0,0,up
1371,94.0,394.0,506.0,506.0,0,1,0,0,right
1372,94.0,330.0,506.0,570.0,0,1,0,0,right
1373,94.0,266.0,506.0,634.0,0,1,0,0,right
1374,105.0,306.0,495.0,594.0,0,0,0,1,left
1375,105.0,371.0,495.0,529.0,0,0,0,1,left
1376,80.0,419.0,520.0,481.0,1,0,0,0,up
1377,80.0,353.0,520.0,547.0,0,1,0,0,right
1378,80.0,299.0,520.0,601.0,0,1,0,0,right
1379,212.0,299.0,388.0,601.0,0,0,1,0,down
1380,241.0,165.0,359.0,735.0,0,1,0,0,right
1381,241.0,31.0,359.0,869.0,0,1,0,0,right
1382,241.0,27.0,359.0,873.0,0,1,0,0,right
1383,174.0,27.0,426.0,873.0,1,0,0,0,up
1384,167.0,95.0,433.0,805.0,0,0,0,1,left
1385,167.0,163.0,433.0,737.0,0,0,0,1,left
1386,249.0,309.0,351.0,591.0,0,0,0,1,left
1387,173.0,309.0,427.0,591.0,1,0,0,0,up
1388,263.0,233.0,337.0,667.0,0,0,1,0,down
1389,263.0,162.0,337.0,738.0,0,1,0,0,right
1390,263.0,91.0,337.0,809.0,0,1,0,0,right
1391,121.0,82.0,479.0,818.0,1,0,0,0,up
1392,50.0,82.0,550.0,818.0,1,0,0,0,up
1393,35.0,82.0,565.0,818.0,1,0,0,0,up
1394,35.0,122.0,565.0,778.0,0,0,0,1,left
1395,12.0,122.0,588.0,778.0,1,0,0,0,up
1396,12.0,195.0,588.0,705.0,0,0,0,1,left
1397,12.0,268.0,588.0,632.0,0,0,0,1,left
1398,12.0,341.0,588.0,559.0,0,0,0,1,left
1399,12.0,414.0,588.0,486.0,0,0,0,1,left
1400,12.0,487.0,588.0,413.0,0,0,0,1,left
1401,12.0,633.0,588.0,267.0,0,0,0,1,left
1402,85.0,674.0,515.0,226.0,0,0,1,0,down
1403,158.0,674.0,442.0,226.0,0,0,1,0,down
1404,450.0,674.0,150.0,226.0,0,0,1,0,down
1405,499.0,674.0,101.0,226.0,0,0,1,0,down
1406,499.0,526.0,101.0,374.0,0,1,0,0,right
1407,499.0,452.0,101.0,448.0,0,1,0,0,right
1408,425.0,438.0,175.0,462.0,1,0,0,0,up
1409,203.0,438.0,397.0,462.0,1,0,0,0,up
1410,51.0,446.0,549.0,454.0,0,0,0,1,left
1411,93.0,446.0,507.0,454.0,0,0,1,0,down
1412,169.0,564.0,431.0,336.0,0,0,1,0,down
1413,321.0,564.0,279.0,336.0,0,0,1,0,down
1414,389.0,564.0,211.0,336.0,0,0,1,0,down
1415,389.0,641.0,211.0,259.0,0,0,0,1,left
1416,389.0,702.0,211.0,198.0,0,0,0,1,left
1417,466.0,702.0,134.0,198.0,0,0,1,0,down
1418,579.0,702.0,21.0,198.0,0,0,1,0,down
1419,579.0,780.0,21.0,120.0,0,0,0,1,left
1420,579.0,879.0,21.0,21.0,0,0,0,1,left
1421,501.0,879.0,99.0,21.0,1,0,0,0,up
1422,428.0,879.0,172.0,21.0,1,0,0,0,up
1423,428.0,721.0,172.0,179.0,0,1,0,0,right
1424,428.0,405.0,172.0,495.0,0,1,0,0,right
1425,428.0,326.0,172.0,574.0,0,1,0,0,right
1426,428.0,247.0,172.0,653.0,0,1,0,0,right
1427,428.0,168.0,172.0,732.0,0,1,0,0,right
1428,289.0,89.0,311.0,811.0,1,0,0,0,up
1429,289.0,169.0,311.0,731.0,0,0,0,1,left
1430,289.0,329.0,311.0,571.0,0,0,0,1,left
1431,289.0,409.0,311.0,491.0,0,0,0,1,left
1432,473.0,467.0,127.0,433.0,0,0,1,0,down
1433,473.0,305.0,127.0,595.0,0,1,0,0,right
1434,473.0,224.0,127.0,676.0,0,1,0,0,right
1435,473.0,214.0,127.0,686.0,0,1,0,0,right
1436,531.0,214.0,69.0,686.0,0,0,1,0,down
1437,531.0,296.0,69.0,604.0,0,0,0,1,left
1438,531.0,378.0,69.0,522.0,0,0,0,1,left
1439,531.0,460.0,69.0,440.0,0,0,0,1,left
1440,449.0,581.0,151.0,319.0,1,0,0,0,up
1441,285.0,581.0,315.0,319.0,1,0,0,0,up
1442,35.0,581.0,565.0,319.0,1,0,0,0,up
1443,201.0,631.0,399.0,269.0,0,0,1,0,down
1444,284.0,631.0,316.0,269.0,0,0,1,0,down
1445,566.0,608.0,34.0,292.0,0,1,0,0,right
1446,482.0,608.0,118.0,292.0,1,0,0,0,up
1447,398.0,608.0,202.0,292.0,1,0,0,0,up
1448,364.0,438.0,236.0,462.0,0,1,0,0,right
1449,364.0,353.0,236.0,547.0,0,1,0,0,right
1450,364.0,270.0,236.0,630.0,0,1,0,0,right
1451,279.0,270.0,321.0,630.0,1,0,0,0,up
1452,194.0,270.0,406.0,630.0,1,0,0,0,up
1453,109.0,270.0,491.0,630.0,1,0,0,0,up
1454,50.0,121.0,550.0,779.0,0,1,0,0,right
1455,528.0,121.0,72.0,779.0,0,0,1,0,down
1456,501.0,126.0,99.0,774.0,0,1,0,0,right
1457,355.0,126.0,245.0,774.0,1,0,0,0,up
1458,355.0,215.0,245.0,685.0,0,0,0,1,left
1459,355.0,482.0,245.0,418.0,0,0,0,1,left
1460,355.0,660.0,245.0,240.0,0,0,0,1,left
1461,355.0,788.0,245.0,112.0,0,0,0,1,left
1462,329.0,608.0,271.0,292.0,0,1,0,0,right
1463,329.0,428.0,271.0,472.0,0,1,0,0,right
1464,382.0,461.0,218.0,439.0,0,0,0,1,left
1465,399.0,461.0,201.0,439.0,0,0,1,0,down
1466,399.0,369.0,201.0,531.0,0,1,0,0,right
1467,174.0,861.0,426.0,39.0,1,0,0,0,up
1468,30.0,861.0,570.0,39.0,1,0,0,0,up
1469,30.0,876.0,570.0,24.0,0,0,0,1,left
1470,124.0,876.0,476.0,24.0,0,0,1,0,down
1471,406.0,876.0,194.0,24.0,0,0,1,0,down
1472,500.0,876.0,100.0,24.0,0,0,1,0,down
1473,538.0,686.0,62.0,214.0,0,1,0,0,right
1474,538.0,669.0,62.0,231.0,0,1,0,0,right
1475,158.0,669.0,442.0,231.0,1,0,0,0,up
1476,56.0,669.0,544.0,231.0,1,0,0,0,up
1477,152.0,539.0,448.0,361.0,0,0,1,0,down
1478,344.0,539.0,256.0,361.0,0,0,1,0,down
1479,507.0,539.0,93.0,361.0,0,0,1,0,down
1480,507.0,442.0,93.0,458.0,0,1,0,0,right
1481,507.0,248.0,93.0,652.0,0,1,0,0,right
1482,507.0,81.0,93.0,819.0,0,1,0,0,right
1483,410.0,81.0,190.0,819.0,1,0,0,0,up
1484,379.0,81.0,221.0,819.0,1,0,0,0,up
1485,363.0,317.0,237.0,583.0,0,0,0,1,left
1486,363.0,416.0,237.0,484.0,0,0,0,1,left
1487,363.0,637.0,237.0,263.0,0,0,0,1,left
1488,503.0,637.0,97.0,263.0,0,0,1,0,down
1489,403.0,682.0,197.0,218.0,1,0,0,0,up
1490,379.0,682.0,221.0,218.0,1,0,0,0,up
1491,379.0,379.0,221.0,521.0,0,1,0,0,right
1492,134.0,196.0,466.0,704.0,1,0,0,0,up
1493,134.0,298.0,466.0,602.0,0,0,0,1,left
1494,134.0,400.0,466.0,500.0,0,0,0,1,left
1495,134.0,604.0,466.0,296.0,0,0,0,1,left
1496,134.0,808.0,466.0,92.0,0,0,0,1,left
1497,338.0,836.0,262.0,64.0,0,0,1,0,down
1498,440.0,836.0,160.0,64.0,0,0,1,0,down
1499,500.0,836.0,100.0,64.0,0,0,1,0,down
1500,500.0,733.0,100.0,167.0,0,1,0,0,right
1501,512.0,66.0,88.0,834.0,0,0,1,0,down
1502,512.0,170.0,88.0,730.0,0,0,0,1,left
1503,408.0,244.0,192.0,656.0,1,0,0,0,up
1504,273.0,53.0,327.0,847.0,0,1,0,0,right
1505,374.0,53.0,226.0,847.0,0,0,1,0,down
1506,374.0,265.0,226.0,635.0,0,0,0,1,left
1507,374.0,583.0,226.0,317.0,0,0,0,1,left
1508,374.0,795.0,226.0,105.0,0,0,0,1,left
1509,446.0,824.0,154.0,76.0,0,0,1,0,down
1510,446.0,717.0,154.0,183.0,0,1,0,0,right
1511,548.0,538.0,52.0,362.0,0,0,1,0,down
1512,548.0,419.0,52.0,481.0,0,1,0,0,right
1513,440.0,419.0,160.0,481.0,1,0,0,0,up
1514,332.0,419.0,268.0,481.0,1,0,0,0,up
1515,116.0,419.0,484.0,481.0,1,0,0,0,up
1516,58.0,280.0,542.0,620.0,0,1,0,0,right
1517,119.0,137.0,481.0,763.0,0,1,0,0,right
1518,316.0,137.0,284.0,763.0,0,0,1,0,down
1519,316.0,580.0,284.0,320.0,0,0,0,1,left
1520,427.0,580.0,173.0,320.0,0,0,1,0,down
1521,460.0,591.0,140.0,309.0,0,0,0,1,left
1522,380.0,365.0,220.0,535.0,0,1,0,0,right
1523,380.0,139.0,220.0,761.0,0,1,0,0,right
1524,342.0,242.0,258.0,658.0,0,0,0,1,left
1525,228.0,242.0,372.0,658.0,1,0,0,0,up
1526,114.0,242.0,486.0,658.0,1,0,0,0,up
1527,35.0,242.0,565.0,658.0,1,0,0,0,up
1528,35.0,127.0,565.0,773.0,0,1,0,0,right
1529,35.0,89.0,565.0,811.0,0,1,0,0,right
1530,171.0,89.0,429.0,811.0,0,0,1,0,down
1531,171.0,205.0,429.0,695.0,0,0,0,1,left
1532,171.0,321.0,429.0,579.0,0,0,0,1,left
1533,171.0,437.0,429.0,463.0,0,0,0,1,left
1534,171.0,669.0,429.0,231.0,0,0,0,1,left
1535,171.0,751.0,429.0,149.0,0,0,0,1,left
1536,55.0,751.0,545.0,149.0,1,0,0,0,up
1537,51.0,751.0,549.0,149.0,1,0,0,0,up
1538,51.0,517.0,549.0,383.0,0,1,0,0,right
1539,154.0,287.0,446.0,613.0,0,1,0,0,right
1540,154.0,51.0,446.0,849.0,0,1,0,0,right
1541,272.0,16.0,328.0,884.0,0,0,1,0,down
1542,283.0,254.0,317.0,646.0,0,0,0,1,left
1543,402.0,330.0,198.0,570.0,0,0,1,0,down
1544,521.0,330.0,79.0,570.0,0,0,1,0,down
1545,502.0,310.0,98.0,590.0,1,0,0,0,up
1546,502.0,189.0,98.0,711.0,0,1,0,0,right
1547,502.0,68.0,98.0,832.0,0,1,0,0,right
1548,338.0,171.0,262.0,729.0,0,0,0,1,left
1549,338.0,293.0,262.0,607.0,0,0,0,1,left
1550,338.0,415.0,262.0,485.0,0,0,0,1,left
1551,216.0,492.0,384.0,408.0,1,0,0,0,up
1552,35.0,501.0,565.0,399.0,0,0,0,1,left
1553,158.0,501.0,442.0,399.0,0,0,1,0,down
1554,281.0,501.0,319.0,399.0,0,0,1,0,down
1555,404.0,501.0,196.0,399.0,0,0,1,0,down
1556,460.0,400.0,140.0,500.0,0,1,0,0,right
1557,336.0,400.0,264.0,500.0,1,0,0,0,up
1558,300.0,525.0,300.0,375.0,0,0,0,1,left
1559,300.0,650.0,300.0,250.0,0,0,0,1,left
1560,300.0,704.0,300.0,196.0,0,0,0,1,left
1561,368.0,830.0,232.0,70.0,0,0,0,1,left
1562,326.0,873.0,274.0,27.0,1,0,0,0,up
1563,260.0,736.0,340.0,164.0,0,1,0,0,right
1564,260.0,96.0,340.0,804.0,0,1,0,0,right
1565,260.0,39.0,340.0,861.0,0,1,0,0,right
1566,201.0,251.0,399.0,649.0,1,0,0,0,up
1567,108.0,511.0,492.0,389.0,0,0,0,1,left
1568,129.0,534.0,471.0,366.0,0,0,1,0,down
1569,129.0,270.0,471.0,630.0,0,1,0,0,right
1570,261.0,221.0,339.0,679.0,0,0,1,0,down
1571,262.0,354.0,338.0,546.0,0,0,0,1,left
1572,262.0,620.0,338.0,280.0,0,0,0,1,left
1573,262.0,753.0,338.0,147.0,0,0,0,1,left
1574,232.0,816.0,368.0,84.0,1,0,0,0,up
1575,232.0,564.0,368.0,336.0,0,1,0,0,right
1576,366.0,564.0,234.0,336.0,0,0,1,0,down
1577,479.0,564.0,121.0,336.0,0,0,1,0,down
1578,479.0,800.0,121.0,100.0,0,0,0,1,left
1579,344.0,800.0,256.0,100.0,1,0,0,0,up
1580,152.0,800.0,448.0,100.0,1,0,0,0,up
1581,152.0,528.0,448.0,372.0,0,1,0,0,right
1582,152.0,392.0,448.0,508.0,0,1,0,0,right
1583,152.0,256.0,448.0,644.0,0,1,0,0,right
1584,152.0,208.0,448.0,692.0,0,1,0,0,right
1585,349.0,208.0,251.0,692.0,0,0,1,0,down
1586,349.0,71.0,251.0,829.0,0,1,0,0,right
1587,349.0,53.0,251.0,847.0,0,1,0,0,right
1588,486.0,53.0,114.0,847.0,0,0,1,0,down
1589,549.0,53.0,51.0,847.0,0,0,1,0,down
1590,549.0,191.0,51.0,709.0,0,0,0,1,left
1591,549.0,742.0,51.0,158.0,0,0,0,1,left
1592,411.0,742.0,189.0,158.0,1,0,0,0,up
1593,327.0,464.0,273.0,436.0,0,1,0,0,right
1594,466.0,130.0,134.0,770.0,0,0,1,0,down
1595,515.0,270.0,85.0,630.0,0,0,0,1,left
1596,515.0,410.0,85.0,490.0,0,0,0,1,left
1597,515.0,730.0,85.0,170.0,0,0,0,1,left
1598,349.0,730.0,251.0,170.0,1,0,0,0,up
1599,172.0,584.0,428.0,316.0,0,1,0,0,right
1600,172.0,284.0,428.0,616.0,0,1,0,0,right
1601,88.0,284.0,512.0,616.0,1,0,0,0,up
1602,88.0,833.0,512.0,67.0,0,0,0,1,left
1603,456.0,863.0,144.0,37.0,0,0,0,1,left
1604,223.0,863.0,377.0,37.0,1,0,0,0,up
1605,223.0,718.0,377.0,182.0,0,1,0,0,right
1606,223.0,428.0,377.0,472.0,0,1,0,0,right
1607,78.0,399.0,522.0,501.0,1,0,0,0,up
1608,519.0,682.0,81.0,218.0,0,0,1,0,down
1609,519.0,388.0,81.0,512.0,0,1,0,0,right
1610,225.0,368.0,375.0,532.0,1,0,0,0,up
1611,225.0,516.0,375.0,384.0,0,0,0,1,left
1612,77.0,710.0,523.0,190.0,1,0,0,0,up
1613,38.0,710.0,562.0,190.0,1,0,0,0,up
1614,412.0,754.0,188.0,146.0,0,0,1,0,down
1615,412.0,783.0,188.0,117.0,0,0,0,1,left
1616,350.0,481.0,250.0,419.0,0,1,0,0,right
1617,350.0,330.0,250.0,570.0,0,1,0,0,right
1618,350.0,187.0,250.0,713.0,0,1,0,0,right
1619,32.0,491.0,568.0,409.0,0,0,0,1,left
1620,17.0,291.0,583.0,609.0,0,1,0,0,right
1621,170.0,291.0,430.0,609.0,0,0,1,0,down
1622,246.0,291.0,354.0,609.0,0,0,1,0,down
1623,246.0,445.0,354.0,455.0,0,0,0,1,left
1624,246.0,599.0,354.0,301.0,0,0,0,1,left
1625,246.0,880.0,354.0,20.0,0,0,0,1,left
1626,188.0,880.0,412.0,20.0,1,0,0,0,up
1627,188.0,725.0,412.0,175.0,0,1,0,0,right
1628,188.0,570.0,412.0,330.0,0,1,0,0,right
1629,343.0,133.0,257.0,767.0,0,0,1,0,down
1630,374.0,133.0,226.0,767.0,0,0,1,0,down
1631,374.0,171.0,226.0,729.0,0,0,0,1,left
1632,218.0,171.0,382.0,729.0,1,0,0,0,up
1633,62.0,171.0,538.0,729.0,1,0,0,0,up
1634,23.0,610.0,577.0,290.0,0,0,0,1,left
1635,337.0,610.0,263.0,290.0,0,0,1,0,down
1636,565.0,619.0,35.0,281.0,0,0,1,0,down
1637,565.0,460.0,35.0,440.0,0,1,0,0,right
1638,452.0,339.0,148.0,561.0,1,0,0,0,up
1639,452.0,819.0,148.0,81.0,0,0,0,1,left
1640,452.0,890.0,148.0,10.0,0,0,0,1,left
1641,589.0,729.0,11.0,171.0,0,1,0,0,right
1642,589.0,407.0,11.0,493.0,0,1,0,0,right
1643,589.0,246.0,11.0,654.0,0,1,0,0,right
1644,589.0,158.0,11.0,742.0,0,1,0,0,right
1645,519.0,320.0,81.0,580.0,0,0,0,1,left
1646,357.0,555.0,243.0,345.0,1,0,0,0,up
1647,195.0,555.0,405.0,345.0,1,0,0,0,up
1648,85.0,555.0,515.0,345.0,1,0,0,0,up
1649,85.0,392.0,515.0,508.0,0,1,0,0,right
1650,149.0,195.0,451.0,705.0,0,0,1,0,down
1651,149.0,48.0,451.0,852.0,0,1,0,0,right
1652,171.0,48.0,429.0,852.0,0,0,1,0,down
1653,150.0,81.0,450.0,819.0,1,0,0,0,up
1654,150.0,413.0,450.0,487.0,0,0,0,1,left
1655,150.0,579.0,450.0,321.0,0,0,0,1,left
1656,311.0,571.0,289.0,329.0,0,1,0,0,right
1657,311.0,237.0,289.0,663.0,0,1,0,0,right
1658,311.0,149.0,289.0,751.0,0,1,0,0,right
1659,280.0,485.0,320.0,415.0,0,0,0,1,left
1660,280.0,653.0,320.0,247.0,0,0,0,1,left
1661,429.0,685.0,171.0,215.0,0,0,1,0,down
1662,429.0,540.0,171.0,360.0,0,1,0,0,right
1663,243.0,540.0,357.0,360.0,1,0,0,0,up
1664,243.0,361.0,357.0,539.0,0,1,0,0,right
1665,358.0,532.0,242.0,368.0,0,0,0,1,left
1666,358.0,577.0,242.0,323.0,0,0,0,1,left
1667,233.0,577.0,367.0,323.0,1,0,0,0,up
1668,233.0,652.0,367.0,248.0,0,0,0,1,left
1669,221.0,652.0,379.0,248.0,1,0,0,0,up
1670,221.0,308.0,379.0,592.0,0,1,0,0,right
1671,478.0,308.0,122.0,592.0,0,0,1,0,down
1672,478.0,482.0,122.0,418.0,0,0,0,1,left
1673,478.0,656.0,122.0,244.0,0,0,0,1,left
1674,376.0,118.0,224.0,782.0,0,1,0,0,right
1675,460.0,150.0,140.0,750.0,0,0,0,1,left
1676,324.0,341.0,276.0,559.0,0,0,0,1,left
1677,146.0,341.0,454.0,559.0,1,0,0,0,up
1678,48.0,214.0,552.0,686.0,0,1,0,0,right
1679,408.0,52.0,192.0,848.0,0,0,1,0,down
1680,579.0,233.0,21.0,667.0,0,0,0,1,left
1681,579.0,456.0,21.0,444.0,0,0,0,1,left
1682,342.0,456.0,258.0,444.0,1,0,0,0,up
1683,264.0,483.0,336.0,417.0,0,0,1,0,down
1684,517.0,588.0,83.0,312.0,0,0,0,1,left
1685,333.0,588.0,267.0,312.0,1,0,0,0,up
1686,12.0,634.0,588.0,266.0,0,1,0,0,right
1687,32.0,577.0,568.0,323.0,0,0,1,0,down
1688,32.0,514.0,568.0,386.0,0,1,0,0,right
1689,300.0,780.0,300.0,120.0,0,0,0,1,left
1690,99.0,661.0,501.0,239.0,0,1,0,0,right
1691,289.0,661.0,311.0,239.0,0,0,1,0,down
1692,479.0,661.0,121.0,239.0,0,0,1,0,down
1693,589.0,470.0,11.0,430.0,0,1,0,0,right
1694,211.0,72.0,389.0,828.0,0,1,0,0,right
1695,81.0,59.0,519.0,841.0,1,0,0,0,up
1696,81.0,348.0,519.0,552.0,0,0,0,1,left
1697,274.0,348.0,326.0,552.0,0,0,1,0,down
1698,414.0,348.0,186.0,552.0,0,0,1,0,down
1699,271.0,380.0,329.0,520.0,0,0,0,1,left
1700,426.0,380.0,174.0,520.0,0,0,1,0,down
1701,228.0,506.0,372.0,394.0,1,0,0,0,up
1702,228.0,179.0,372.0,721.0,0,1,0,0,right
1703,31.0,179.0,569.0,721.0,1,0,0,0,up
1704,12.0,179.0,588.0,721.0,1,0,0,0,up
1705,12.0,377.0,588.0,523.0,0,0,0,1,left
1706,12.0,476.0,588.0,424.0,0,0,0,1,left
1707,94.0,476.0,506.0,424.0,0,0,1,0,down
1708,94.0,588.0,506.0,312.0,0,0,0,1,left
1709,293.0,588.0,307.0,312.0,0,0,1,0,down
1710,365.0,388.0,235.0,512.0,0,1,0,0,right
1711,365.0,188.0,235.0,712.0,0,1,0,0,right
1712,365.0,35.0,235.0,865.0,0,1,0,0,right
1713,302.0,35.0,298.0,865.0,1,0,0,0,up
